                                                                        S0000001
,,31HOpen CASCADE IGES processor 6.8,13HFilename.iges,                  G0000001
16HOpen CASCADE 6.8,31HOpen CASCADE IGES processor 6.8,32,308,15,308,15,G0000002
,1.,2,2HMM,1,0.01,15H20180223.080608,1.1495E-005,6.044049,,,11,0,       G0000003
15H20180223.080608,;                                                    G0000004
     402       1       0       0       0       0       0       000000000D0000001
     402       0       0       1       1                               0D0000002
     402       2       0       0       0       0       0       000020000D0000003
     402       0       0       6       1                               0D0000004
     144       8       0       0       0       0       0       000020000D0000005
     144       0       0       1       0                               0D0000006
     108       9       0       0       0       0       0       000010000D0000007
     108       0       0       1       0                               0D0000008
     142      10       0       0       0       0       0       000010500D0000009
     142       0       0       1       0                               0D0000010
     102      11       0       0       0       0       0       000010000D0000011
     102       0       0       1       0                               0D0000012
     110      12       0       0       0       0       0       000010000D0000013
     110       0       0       1       0                               0D0000014
     110      13       0       0       0       0       0       000010000D0000015
     110       0       0       1       0                               0D0000016
     110      14       0       0       0       0       0       000010000D0000017
     110       0       0       1       0                               0D0000018
     110      15       0       0       0       0       0       000010000D0000019
     110       0       0       1       0                               0D0000020
     144      16       0       0       0       0       0       000020000D0000021
     144       0       0       1       0                               0D0000022
     108      17       0       0       0       0       0       000010000D0000023
     108       0       0       1       0                               0D0000024
     142      18       0       0       0       0       0       000010500D0000025
     142       0       0       1       0                               0D0000026
     102      19       0       0       0       0       0       000010000D0000027
     102       0       0       1       0                               0D0000028
     110      20       0       0       0       0       0       000010000D0000029
     110       0       0       1       0                               0D0000030
     110      21       0       0       0       0       0       000010000D0000031
     110       0       0       1       0                               0D0000032
     110      22       0       0       0       0       0       000010000D0000033
     110       0       0       1       0                               0D0000034
     110      23       0       0       0       0       0       000010000D0000035
     110       0       0       1       0                               0D0000036
     110      24       0       0       0       0       0       000010000D0000037
     110       0       0       1       0                               0D0000038
     110      25       0       0       0       0       0       000010000D0000039
     110       0       0       1       0                               0D0000040
     110      26       0       0       0       0       0       000010000D0000041
     110       0       0       1       0                               0D0000042
     110      27       0       0       0       0       0       000010000D0000043
     110       0       0       1       0                               0D0000044
     110      28       0       0       0       0       0       000010000D0000045
     110       0       0       1       0                               0D0000046
     110      29       0       0       0       0       0       000010000D0000047
     110       0       0       1       0                               0D0000048
     110      30       0       0       0       0       0       000010000D0000049
     110       0       0       1       0                               0D0000050
     110      31       0       0       0       0       0       000010000D0000051
     110       0       0       1       0                               0D0000052
     142      32       0       0       0       0       0       000010500D0000053
     142       0       0       1       0                               0D0000054
     102      33       0       0       0       0       0       000010000D0000055
     102       0       0       1       0                               0D0000056
     110      34       0       0       0       0       0       000010000D0000057
     110       0       0       1       0                               0D0000058
     110      35       0       0       0       0       0       000010000D0000059
     110       0       0       1       0                               0D0000060
     110      36       0       0       0       0       0       000010000D0000061
     110       0       0       1       0                               0D0000062
     110      37       0       0       0       0       0       000010000D0000063
     110       0       0       1       0                               0D0000064
     144      38       0       0       0       0       0       000020000D0000065
     144       0       0       1       0                               0D0000066
     108      39       0       0       0       0       0       000010000D0000067
     108       0       0       1       0                               0D0000068
     142      40       0       0       0       0       0       000010500D0000069
     142       0       0       1       0                               0D0000070
     102      41       0       0       0       0       0       000010000D0000071
     102       0       0       1       0                               0D0000072
     110      42       0       0       0       0       0       000010000D0000073
     110       0       0       1       0                               0D0000074
     110      43       0       0       0       0       0       000010000D0000075
     110       0       0       1       0                               0D0000076
     110      44       0       0       0       0       0       000010000D0000077
     110       0       0       1       0                               0D0000078
     110      45       0       0       0       0       0       000010000D0000079
     110       0       0       1       0                               0D0000080
     144      46       0       0       0       0       0       000020000D0000081
     144       0       0       1       0                               0D0000082
     108      47       0       0       0       0       0       000010000D0000083
     108       0       0       1       0                               0D0000084
     142      48       0       0       0       0       0       000010500D0000085
     142       0       0       1       0                               0D0000086
     102      49       0       0       0       0       0       000010000D0000087
     102       0       0       1       0                               0D0000088
     110      50       0       0       0       0       0       000010000D0000089
     110       0       0       1       0                               0D0000090
     110      51       0       0       0       0       0       000010000D0000091
     110       0       0       1       0                               0D0000092
     110      52       0       0       0       0       0       000010000D0000093
     110       0       0       1       0                               0D0000094
     110      53       0       0       0       0       0       000010000D0000095
     110       0       0       1       0                               0D0000096
     110      54       0       0       0       0       0       000010000D0000097
     110       0       0       1       0                               0D0000098
     110      55       0       0       0       0       0       000010000D0000099
     110       0       0       1       0                               0D0000100
     110      56       0       0       0       0       0       000010000D0000101
     110       0       0       1       0                               0D0000102
     110      57       0       0       0       0       0       000010000D0000103
     110       0       0       1       0                               0D0000104
     144      58       0       0       0       0       0       000020000D0000105
     144       0       0       1       0                               0D0000106
     108      59       0       0       0       0       0       000010000D0000107
     108       0       0       2       0                               0D0000108
     142      61       0       0       0       0       0       000010500D0000109
     142       0       0       1       0                               0D0000110
     102      62       0       0       0       0       0       000010000D0000111
     102       0       0       1       0                               0D0000112
     110      63       0       0       0       0       0       000010000D0000113
     110       0       0       1       0                               0D0000114
     110      64       0       0       0       0       0       000010000D0000115
     110       0       0       1       0                               0D0000116
     110      65       0       0       0       0       0       000010000D0000117
     110       0       0       1       0                               0D0000118
     110      66       0       0       0       0       0       000010000D0000119
     110       0       0       1       0                               0D0000120
     110      67       0       0       0       0       0       000010000D0000121
     110       0       0       1       0                               0D0000122
     110      68       0       0       0       0       0       000010000D0000123
     110       0       0       1       0                               0D0000124
     144      69       0       0       0       0       0       000020000D0000125
     144       0       0       1       0                               0D0000126
     108      70       0       0       0       0       0       000010000D0000127
     108       0       0       2       0                               0D0000128
     142      72       0       0       0       0       0       000010500D0000129
     142       0       0       1       0                               0D0000130
     102      73       0       0       0       0       0       000010000D0000131
     102       0       0       1       0                               0D0000132
     110      74       0       0       0       0       0       000010000D0000133
     110       0       0       1       0                               0D0000134
     110      75       0       0       0       0       0       000010000D0000135
     110       0       0       1       0                               0D0000136
     110      76       0       0       0       0       0       000010000D0000137
     110       0       0       1       0                               0D0000138
     110      77       0       0       0       0       0       000010000D0000139
     110       0       0       1       0                               0D0000140
     144      78       0       0       0       0       0       000020000D0000141
     144       0       0       1       0                               0D0000142
     108      79       0       0       0       0       0       000010000D0000143
     108       0       0       1       0                               0D0000144
     142      80       0       0       0       0       0       000010500D0000145
     142       0       0       1       0                               0D0000146
     102      81       0       0       0       0       0       000010000D0000147
     102       0       0       1       0                               0D0000148
     110      82       0       0       0       0       0       000010000D0000149
     110       0       0       1       0                               0D0000150
     110      83       0       0       0       0       0       000010000D0000151
     110       0       0       1       0                               0D0000152
     110      84       0       0       0       0       0       000010000D0000153
     110       0       0       1       0                               0D0000154
     110      85       0       0       0       0       0       000010000D0000155
     110       0       0       1       0                               0D0000156
     144      86       0       0       0       0       0       000020000D0000157
     144       0       0       1       0                               0D0000158
     108      87       0       0       0       0       0       000010000D0000159
     108       0       0       2       0                               0D0000160
     142      89       0       0       0       0       0       000010500D0000161
     142       0       0       1       0                               0D0000162
     102      90       0       0       0       0       0       000010000D0000163
     102       0       0       1       0                               0D0000164
     110      91       0       0       0       0       0       000010000D0000165
     110       0       0       1       0                               0D0000166
     110      92       0       0       0       0       0       000010000D0000167
     110       0       0       1       0                               0D0000168
     110      93       0       0       0       0       0       000010000D0000169
     110       0       0       1       0                               0D0000170
     110      94       0       0       0       0       0       000010000D0000171
     110       0       0       1       0                               0D0000172
     110      95       0       0       0       0       0       000010000D0000173
     110       0       0       1       0                               0D0000174
     110      96       0       0       0       0       0       000010000D0000175
     110       0       0       1       0                               0D0000176
     144      97       0       0       0       0       0       000020000D0000177
     144       0       0       1       0                               0D0000178
     108      98       0       0       0       0       0       000010000D0000179
     108       0       0       2       0                               0D0000180
     142     100       0       0       0       0       0       000010500D0000181
     142       0       0       1       0                               0D0000182
     102     101       0       0       0       0       0       000010000D0000183
     102       0       0       1       0                               0D0000184
     110     102       0       0       0       0       0       000010000D0000185
     110       0       0       1       0                               0D0000186
     110     103       0       0       0       0       0       000010000D0000187
     110       0       0       1       0                               0D0000188
     110     104       0       0       0       0       0       000010000D0000189
     110       0       0       1       0                               0D0000190
     110     105       0       0       0       0       0       000010000D0000191
     110       0       0       1       0                               0D0000192
     110     106       0       0       0       0       0       000010000D0000193
     110       0       0       1       0                               0D0000194
     110     107       0       0       0       0       0       000010000D0000195
     110       0       0       1       0                               0D0000196
     144     108       0       0       0       0       0       000020000D0000197
     144       0       0       1       0                               0D0000198
     108     109       0       0       0       0       0       000010000D0000199
     108       0       0       1       0                               0D0000200
     142     110       0       0       0       0       0       000010500D0000201
     142       0       0       1       0                               0D0000202
     102     111       0       0       0       0       0       000010000D0000203
     102       0       0       1       0                               0D0000204
     110     112       0       0       0       0       0       000010000D0000205
     110       0       0       1       0                               0D0000206
     110     113       0       0       0       0       0       000010000D0000207
     110       0       0       1       0                               0D0000208
     110     114       0       0       0       0       0       000010000D0000209
     110       0       0       1       0                               0D0000210
     110     115       0       0       0       0       0       000010000D0000211
     110       0       0       1       0                               0D0000212
     144     116       0       0       0       0       0       000020000D0000213
     144       0       0       1       0                               0D0000214
     108     117       0       0       0       0       0       000010000D0000215
     108       0       0       2       0                               0D0000216
     142     119       0       0       0       0       0       000010500D0000217
     142       0       0       1       0                               0D0000218
     102     120       0       0       0       0       0       000010000D0000219
     102       0       0       1       0                               0D0000220
     110     121       0       0       0       0       0       000010000D0000221
     110       0       0       1       0                               0D0000222
     110     122       0       0       0       0       0       000010000D0000223
     110       0       0       1       0                               0D0000224
     110     123       0       0       0       0       0       000010000D0000225
     110       0       0       1       0                               0D0000226
     110     124       0       0       0       0       0       000010000D0000227
     110       0       0       1       0                               0D0000228
     144     125       0       0       0       0       0       000020000D0000229
     144       0       0       1       0                               0D0000230
     108     126       0       0       0       0       0       000010000D0000231
     108       0       0       1       0                               0D0000232
     142     127       0       0       0       0       0       000010500D0000233
     142       0       0       1       0                               0D0000234
     102     128       0       0       0       0       0       000010000D0000235
     102       0       0       1       0                               0D0000236
     110     129       0       0       0       0       0       000010000D0000237
     110       0       0       1       0                               0D0000238
     110     130       0       0       0       0       0       000010000D0000239
     110       0       0       1       0                               0D0000240
     110     131       0       0       0       0       0       000010000D0000241
     110       0       0       1       0                               0D0000242
     110     132       0       0       0       0       0       000010000D0000243
     110       0       0       1       0                               0D0000244
     144     133       0       0       0       0       0       000020000D0000245
     144       0       0       1       0                               0D0000246
     108     134       0       0       0       0       0       000010000D0000247
     108       0       0       2       0                               0D0000248
     142     136       0       0       0       0       0       000010500D0000249
     142       0       0       1       0                               0D0000250
     102     137       0       0       0       0       0       000010000D0000251
     102       0       0       1       0                               0D0000252
     110     138       0       0       0       0       0       000010000D0000253
     110       0       0       1       0                               0D0000254
     110     139       0       0       0       0       0       000010000D0000255
     110       0       0       1       0                               0D0000256
     110     140       0       0       0       0       0       000010000D0000257
     110       0       0       1       0                               0D0000258
     110     141       0       0       0       0       0       000010000D0000259
     110       0       0       1       0                               0D0000260
     110     142       0       0       0       0       0       000010000D0000261
     110       0       0       1       0                               0D0000262
     110     143       0       0       0       0       0       000010000D0000263
     110       0       0       1       0                               0D0000264
     144     144       0       0       0       0       0       000020000D0000265
     144       0       0       1       0                               0D0000266
     108     145       0       0       0       0       0       000010000D0000267
     108       0       0       1       0                               0D0000268
     142     146       0       0       0       0       0       000010500D0000269
     142       0       0       1       0                               0D0000270
     102     147       0       0       0       0       0       000010000D0000271
     102       0       0       1       0                               0D0000272
     110     148       0       0       0       0       0       000010000D0000273
     110       0       0       1       0                               0D0000274
     110     149       0       0       0       0       0       000010000D0000275
     110       0       0       1       0                               0D0000276
     110     150       0       0       0       0       0       000010000D0000277
     110       0       0       1       0                               0D0000278
     110     151       0       0       0       0       0       000010000D0000279
     110       0       0       1       0                               0D0000280
     144     152       0       0       0       0       0       000020000D0000281
     144       0       0       1       0                               0D0000282
     108     153       0       0       0       0       0       000010000D0000283
     108       0       0       1       0                               0D0000284
     142     154       0       0       0       0       0       000010500D0000285
     142       0       0       1       0                               0D0000286
     102     155       0       0       0       0       0       000010000D0000287
     102       0       0       1       0                               0D0000288
     110     156       0       0       0       0       0       000010000D0000289
     110       0       0       1       0                               0D0000290
     110     157       0       0       0       0       0       000010000D0000291
     110       0       0       1       0                               0D0000292
     110     158       0       0       0       0       0       000010000D0000293
     110       0       0       1       0                               0D0000294
     110     159       0       0       0       0       0       000010000D0000295
     110       0       0       1       0                               0D0000296
     144     160       0       0       0       0       0       000020000D0000297
     144       0       0       1       0                               0D0000298
     108     161       0       0       0       0       0       000010000D0000299
     108       0       0       1       0                               0D0000300
     142     162       0       0       0       0       0       000010500D0000301
     142       0       0       1       0                               0D0000302
     102     163       0       0       0       0       0       000010000D0000303
     102       0       0       1       0                               0D0000304
     110     164       0       0       0       0       0       000010000D0000305
     110       0       0       1       0                               0D0000306
     110     165       0       0       0       0       0       000010000D0000307
     110       0       0       1       0                               0D0000308
     110     166       0       0       0       0       0       000010000D0000309
     110       0       0       1       0                               0D0000310
     110     167       0       0       0       0       0       000010000D0000311
     110       0       0       1       0                               0D0000312
     144     168       0       0       0       0       0       000020000D0000313
     144       0       0       1       0                               0D0000314
     108     169       0       0       0       0       0       000010000D0000315
     108       0       0       1       0                               0D0000316
     142     170       0       0       0       0       0       000010500D0000317
     142       0       0       1       0                               0D0000318
     102     171       0       0       0       0       0       000010000D0000319
     102       0       0       1       0                               0D0000320
     110     172       0       0       0       0       0       000010000D0000321
     110       0       0       1       0                               0D0000322
     110     173       0       0       0       0       0       000010000D0000323
     110       0       0       1       0                               0D0000324
     110     174       0       0       0       0       0       000010000D0000325
     110       0       0       1       0                               0D0000326
     110     175       0       0       0       0       0       000010000D0000327
     110       0       0       1       0                               0D0000328
     144     176       0       0       0       0       0       000020000D0000329
     144       0       0       1       0                               0D0000330
     108     177       0       0       0       0       0       000010000D0000331
     108       0       0       1       0                               0D0000332
     142     178       0       0       0       0       0       000010500D0000333
     142       0       0       1       0                               0D0000334
     102     179       0       0       0       0       0       000010000D0000335
     102       0       0       1       0                               0D0000336
     110     180       0       0       0       0       0       000010000D0000337
     110       0       0       1       0                               0D0000338
     110     181       0       0       0       0       0       000010000D0000339
     110       0       0       1       0                               0D0000340
     110     182       0       0       0       0       0       000010000D0000341
     110       0       0       1       0                               0D0000342
     110     183       0       0       0       0       0       000010000D0000343
     110       0       0       1       0                               0D0000344
     144     184       0       0       0       0       0       000020000D0000345
     144       0       0       1       0                               0D0000346
     108     185       0       0       0       0       0       000010000D0000347
     108       0       0       1       0                               0D0000348
     142     186       0       0       0       0       0       000010500D0000349
     142       0       0       1       0                               0D0000350
     102     187       0       0       0       0       0       000010000D0000351
     102       0       0       1       0                               0D0000352
     110     188       0       0       0       0       0       000010000D0000353
     110       0       0       1       0                               0D0000354
     110     189       0       0       0       0       0       000010000D0000355
     110       0       0       1       0                               0D0000356
     110     190       0       0       0       0       0       000010000D0000357
     110       0       0       1       0                               0D0000358
     110     191       0       0       0       0       0       000010000D0000359
     110       0       0       1       0                               0D0000360
     144     192       0       0       0       0       0       000020000D0000361
     144       0       0       1       0                               0D0000362
     108     193       0       0       0       0       0       000010000D0000363
     108       0       0       1       0                               0D0000364
     142     194       0       0       0       0       0       000010500D0000365
     142       0       0       1       0                               0D0000366
     102     195       0       0       0       0       0       000010000D0000367
     102       0       0       1       0                               0D0000368
     110     196       0       0       0       0       0       000010000D0000369
     110       0       0       1       0                               0D0000370
     110     197       0       0       0       0       0       000010000D0000371
     110       0       0       1       0                               0D0000372
     110     198       0       0       0       0       0       000010000D0000373
     110       0       0       1       0                               0D0000374
     110     199       0       0       0       0       0       000010000D0000375
     110       0       0       1       0                               0D0000376
     144     200       0       0       0       0       0       000020000D0000377
     144       0       0       1       0                               0D0000378
     108     201       0       0       0       0       0       000010000D0000379
     108       0       0       1       0                               0D0000380
     142     202       0       0       0       0       0       000010500D0000381
     142       0       0       1       0                               0D0000382
     102     203       0       0       0       0       0       000010000D0000383
     102       0       0       1       0                               0D0000384
     110     204       0       0       0       0       0       000010000D0000385
     110       0       0       1       0                               0D0000386
     110     205       0       0       0       0       0       000010000D0000387
     110       0       0       1       0                               0D0000388
     110     206       0       0       0       0       0       000010000D0000389
     110       0       0       1       0                               0D0000390
     110     207       0       0       0       0       0       000010000D0000391
     110       0       0       1       0                               0D0000392
     144     208       0       0       0       0       0       000020000D0000393
     144       0       0       1       0                               0D0000394
     108     209       0       0       0       0       0       000010000D0000395
     108       0       0       1       0                               0D0000396
     142     210       0       0       0       0       0       000010500D0000397
     142       0       0       1       0                               0D0000398
     102     211       0       0       0       0       0       000010000D0000399
     102       0       0       1       0                               0D0000400
     110     212       0       0       0       0       0       000010000D0000401
     110       0       0       1       0                               0D0000402
     110     213       0       0       0       0       0       000010000D0000403
     110       0       0       1       0                               0D0000404
     110     214       0       0       0       0       0       000010000D0000405
     110       0       0       1       0                               0D0000406
     110     215       0       0       0       0       0       000010000D0000407
     110       0       0       1       0                               0D0000408
     142     216       0       0       0       0       0       000010500D0000409
     142       0       0       1       0                               0D0000410
     102     217       0       0       0       0       0       000010000D0000411
     102       0       0       1       0                               0D0000412
     110     218       0       0       0       0       0       000010000D0000413
     110       0       0       1       0                               0D0000414
     110     219       0       0       0       0       0       000010000D0000415
     110       0       0       1       0                               0D0000416
     110     220       0       0       0       0       0       000010000D0000417
     110       0       0       1       0                               0D0000418
     110     221       0       0       0       0       0       000010000D0000419
     110       0       0       1       0                               0D0000420
     110     222       0       0       0       0       0       000010000D0000421
     110       0       0       1       0                               0D0000422
     110     223       0       0       0       0       0       000010000D0000423
     110       0       0       1       0                               0D0000424
     110     224       0       0       0       0       0       000010000D0000425
     110       0       0       1       0                               0D0000426
     110     225       0       0       0       0       0       000010000D0000427
     110       0       0       1       0                               0D0000428
     110     226       0       0       0       0       0       000010000D0000429
     110       0       0       1       0                               0D0000430
     110     227       0       0       0       0       0       000010000D0000431
     110       0       0       1       0                               0D0000432
     110     228       0       0       0       0       0       000010000D0000433
     110       0       0       1       0                               0D0000434
     110     229       0       0       0       0       0       000010000D0000435
     110       0       0       1       0                               0D0000436
     144     230       0       0       0       0       0       000020000D0000437
     144       0       0       1       0                               0D0000438
     108     231       0       0       0       0       0       000010000D0000439
     108       0       0       1       0                               0D0000440
     142     232       0       0       0       0       0       000010500D0000441
     142       0       0       1       0                               0D0000442
     102     233       0       0       0       0       0       000010000D0000443
     102       0       0       1       0                               0D0000444
     110     234       0       0       0       0       0       000010000D0000445
     110       0       0       1       0                               0D0000446
     110     235       0       0       0       0       0       000010000D0000447
     110       0       0       1       0                               0D0000448
     110     236       0       0       0       0       0       000010000D0000449
     110       0       0       1       0                               0D0000450
     110     237       0       0       0       0       0       000010000D0000451
     110       0       0       1       0                               0D0000452
     110     238       0       0       0       0       0       000010000D0000453
     110       0       0       1       0                               0D0000454
     110     239       0       0       0       0       0       000010000D0000455
     110       0       0       1       0                               0D0000456
     110     240       0       0       0       0       0       000010000D0000457
     110       0       0       1       0                               0D0000458
     110     241       0       0       0       0       0       000010000D0000459
     110       0       0       1       0                               0D0000460
     144     242       0       0       0       0       0       000020000D0000461
     144       0       0       1       0                               0D0000462
     108     243       0       0       0       0       0       000010000D0000463
     108       0       0       1       0                               0D0000464
     142     244       0       0       0       0       0       000010500D0000465
     142       0       0       1       0                               0D0000466
     102     245       0       0       0       0       0       000010000D0000467
     102       0       0       1       0                               0D0000468
     110     246       0       0       0       0       0       000010000D0000469
     110       0       0       1       0                               0D0000470
     110     247       0       0       0       0       0       000010000D0000471
     110       0       0       1       0                               0D0000472
     110     248       0       0       0       0       0       000010000D0000473
     110       0       0       1       0                               0D0000474
     110     249       0       0       0       0       0       000010000D0000475
     110       0       0       1       0                               0D0000476
     144     250       0       0       0       0       0       000020000D0000477
     144       0       0       1       0                               0D0000478
     108     251       0       0       0       0       0       000010000D0000479
     108       0       0       1       0                               0D0000480
     142     252       0       0       0       0       0       000010500D0000481
     142       0       0       1       0                               0D0000482
     102     253       0       0       0       0       0       000010000D0000483
     102       0       0       1       0                               0D0000484
     110     254       0       0       0       0       0       000010000D0000485
     110       0       0       1       0                               0D0000486
     110     255       0       0       0       0       0       000010000D0000487
     110       0       0       1       0                               0D0000488
     110     256       0       0       0       0       0       000010000D0000489
     110       0       0       1       0                               0D0000490
     110     257       0       0       0       0       0       000010000D0000491
     110       0       0       1       0                               0D0000492
     144     258       0       0       0       0       0       000020000D0000493
     144       0       0       1       0                               0D0000494
     108     259       0       0       0       0       0       000010000D0000495
     108       0       0       1       0                               0D0000496
     142     260       0       0       0       0       0       000010500D0000497
     142       0       0       1       0                               0D0000498
     102     261       0       0       0       0       0       000010000D0000499
     102       0       0       1       0                               0D0000500
     110     262       0       0       0       0       0       000010000D0000501
     110       0       0       1       0                               0D0000502
     110     263       0       0       0       0       0       000010000D0000503
     110       0       0       1       0                               0D0000504
     110     264       0       0       0       0       0       000010000D0000505
     110       0       0       1       0                               0D0000506
     110     265       0       0       0       0       0       000010000D0000507
     110       0       0       1       0                               0D0000508
     142     266       0       0       0       0       0       000010500D0000509
     142       0       0       1       0                               0D0000510
     102     267       0       0       0       0       0       000010000D0000511
     102       0       0       1       0                               0D0000512
     110     268       0       0       0       0       0       000010000D0000513
     110       0       0       1       0                               0D0000514
     110     269       0       0       0       0       0       000010000D0000515
     110       0       0       1       0                               0D0000516
     110     270       0       0       0       0       0       000010000D0000517
     110       0       0       1       0                               0D0000518
     110     271       0       0       0       0       0       000010000D0000519
     110       0       0       1       0                               0D0000520
     142     272       0       0       0       0       0       000010500D0000521
     142       0       0       1       0                               0D0000522
     102     273       0       0       0       0       0       000010000D0000523
     102       0       0       1       0                               0D0000524
     110     274       0       0       0       0       0       000010000D0000525
     110       0       0       1       0                               0D0000526
     110     275       0       0       0       0       0       000010000D0000527
     110       0       0       1       0                               0D0000528
     110     276       0       0       0       0       0       000010000D0000529
     110       0       0       1       0                               0D0000530
     110     277       0       0       0       0       0       000010000D0000531
     110       0       0       1       0                               0D0000532
     142     278       0       0       0       0       0       000010500D0000533
     142       0       0       1       0                               0D0000534
     102     279       0       0       0       0       0       000010000D0000535
     102       0       0       1       0                               0D0000536
     110     280       0       0       0       0       0       000010000D0000537
     110       0       0       1       0                               0D0000538
     110     281       0       0       0       0       0       000010000D0000539
     110       0       0       1       0                               0D0000540
     110     282       0       0       0       0       0       000010000D0000541
     110       0       0       1       0                               0D0000542
     110     283       0       0       0       0       0       000010000D0000543
     110       0       0       1       0                               0D0000544
     142     284       0       0       0       0       0       000010500D0000545
     142       0       0       1       0                               0D0000546
     102     285       0       0       0       0       0       000010000D0000547
     102       0       0       1       0                               0D0000548
     110     286       0       0       0       0       0       000010000D0000549
     110       0       0       1       0                               0D0000550
     110     287       0       0       0       0       0       000010000D0000551
     110       0       0       1       0                               0D0000552
     110     288       0       0       0       0       0       000010000D0000553
     110       0       0       1       0                               0D0000554
     110     289       0       0       0       0       0       000010000D0000555
     110       0       0       1       0                               0D0000556
     144     290       0       0       0       0       0       000020000D0000557
     144       0       0       1       0                               0D0000558
     108     291       0       0       0       0       0       000010000D0000559
     108       0       0       1       0                               0D0000560
     142     292       0       0       0       0       0       000010500D0000561
     142       0       0       1       0                               0D0000562
     102     293       0       0       0       0       0       000010000D0000563
     102       0       0       1       0                               0D0000564
     110     294       0       0       0       0       0       000010000D0000565
     110       0       0       1       0                               0D0000566
     110     295       0       0       0       0       0       000010000D0000567
     110       0       0       1       0                               0D0000568
     110     296       0       0       0       0       0       000010000D0000569
     110       0       0       1       0                               0D0000570
     110     297       0       0       0       0       0       000010000D0000571
     110       0       0       1       0                               0D0000572
     144     298       0       0       0       0       0       000020000D0000573
     144       0       0       1       0                               0D0000574
     108     299       0       0       0       0       0       000010000D0000575
     108       0       0       1       0                               0D0000576
     142     300       0       0       0       0       0       000010500D0000577
     142       0       0       1       0                               0D0000578
     102     301       0       0       0       0       0       000010000D0000579
     102       0       0       1       0                               0D0000580
     110     302       0       0       0       0       0       000010000D0000581
     110       0       0       1       0                               0D0000582
     110     303       0       0       0       0       0       000010000D0000583
     110       0       0       1       0                               0D0000584
     110     304       0       0       0       0       0       000010000D0000585
     110       0       0       1       0                               0D0000586
     110     305       0       0       0       0       0       000010000D0000587
     110       0       0       1       0                               0D0000588
     144     306       0       0       0       0       0       000020000D0000589
     144       0       0       1       0                               0D0000590
     108     307       0       0       0       0       0       000010000D0000591
     108       0       0       1       0                               0D0000592
     142     308       0       0       0       0       0       000010500D0000593
     142       0       0       1       0                               0D0000594
     102     309       0       0       0       0       0       000010000D0000595
     102       0       0       1       0                               0D0000596
     110     310       0       0       0       0       0       000010000D0000597
     110       0       0       1       0                               0D0000598
     110     311       0       0       0       0       0       000010000D0000599
     110       0       0       1       0                               0D0000600
     110     312       0       0       0       0       0       000010000D0000601
     110       0       0       1       0                               0D0000602
     110     313       0       0       0       0       0       000010000D0000603
     110       0       0       1       0                               0D0000604
     144     314       0       0       0       0       0       000020000D0000605
     144       0       0       1       0                               0D0000606
     108     315       0       0       0       0       0       000010000D0000607
     108       0       0       1       0                               0D0000608
     142     316       0       0       0       0       0       000010500D0000609
     142       0       0       1       0                               0D0000610
     102     317       0       0       0       0       0       000010000D0000611
     102       0       0       1       0                               0D0000612
     110     318       0       0       0       0       0       000010000D0000613
     110       0       0       1       0                               0D0000614
     110     319       0       0       0       0       0       000010000D0000615
     110       0       0       1       0                               0D0000616
     110     320       0       0       0       0       0       000010000D0000617
     110       0       0       1       0                               0D0000618
     110     321       0       0       0       0       0       000010000D0000619
     110       0       0       1       0                               0D0000620
     144     322       0       0       0       0       0       000020000D0000621
     144       0       0       1       0                               0D0000622
     108     323       0       0       0       0       0       000010000D0000623
     108       0       0       1       0                               0D0000624
     142     324       0       0       0       0       0       000010500D0000625
     142       0       0       1       0                               0D0000626
     102     325       0       0       0       0       0       000010000D0000627
     102       0       0       1       0                               0D0000628
     110     326       0       0       0       0       0       000010000D0000629
     110       0       0       1       0                               0D0000630
     110     327       0       0       0       0       0       000010000D0000631
     110       0       0       1       0                               0D0000632
     110     328       0       0       0       0       0       000010000D0000633
     110       0       0       1       0                               0D0000634
     110     329       0       0       0       0       0       000010000D0000635
     110       0       0       1       0                               0D0000636
     144     330       0       0       0       0       0       000020000D0000637
     144       0       0       1       0                               0D0000638
     108     331       0       0       0       0       0       000010000D0000639
     108       0       0       1       0                               0D0000640
     142     332       0       0       0       0       0       000010500D0000641
     142       0       0       1       0                               0D0000642
     102     333       0       0       0       0       0       000010000D0000643
     102       0       0       1       0                               0D0000644
     110     334       0       0       0       0       0       000010000D0000645
     110       0       0       1       0                               0D0000646
     110     335       0       0       0       0       0       000010000D0000647
     110       0       0       1       0                               0D0000648
     110     336       0       0       0       0       0       000010000D0000649
     110       0       0       1       0                               0D0000650
     110     337       0       0       0       0       0       000010000D0000651
     110       0       0       1       0                               0D0000652
     144     338       0       0       0       0       0       000020000D0000653
     144       0       0       1       0                               0D0000654
     108     339       0       0       0       0       0       000010000D0000655
     108       0       0       1       0                               0D0000656
     142     340       0       0       0       0       0       000010500D0000657
     142       0       0       1       0                               0D0000658
     102     341       0       0       0       0       0       000010000D0000659
     102       0       0       1       0                               0D0000660
     110     342       0       0       0       0       0       000010000D0000661
     110       0       0       1       0                               0D0000662
     110     343       0       0       0       0       0       000010000D0000663
     110       0       0       1       0                               0D0000664
     110     344       0       0       0       0       0       000010000D0000665
     110       0       0       1       0                               0D0000666
     110     345       0       0       0       0       0       000010000D0000667
     110       0       0       1       0                               0D0000668
     144     346       0       0       0       0       0       000020000D0000669
     144       0       0       1       0                               0D0000670
     108     347       0       0       0       0       0       000010000D0000671
     108       0       0       1       0                               0D0000672
     142     348       0       0       0       0       0       000010500D0000673
     142       0       0       1       0                               0D0000674
     102     349       0       0       0       0       0       000010000D0000675
     102       0       0       1       0                               0D0000676
     110     350       0       0       0       0       0       000010000D0000677
     110       0       0       1       0                               0D0000678
     110     351       0       0       0       0       0       000010000D0000679
     110       0       0       1       0                               0D0000680
     110     352       0       0       0       0       0       000010000D0000681
     110       0       0       1       0                               0D0000682
     110     353       0       0       0       0       0       000010000D0000683
     110       0       0       1       0                               0D0000684
     144     354       0       0       0       0       0       000020000D0000685
     144       0       0       1       0                               0D0000686
     108     355       0       0       0       0       0       000010000D0000687
     108       0       0       1       0                               0D0000688
     142     356       0       0       0       0       0       000010500D0000689
     142       0       0       1       0                               0D0000690
     102     357       0       0       0       0       0       000010000D0000691
     102       0       0       1       0                               0D0000692
     110     358       0       0       0       0       0       000010000D0000693
     110       0       0       1       0                               0D0000694
     110     359       0       0       0       0       0       000010000D0000695
     110       0       0       1       0                               0D0000696
     110     360       0       0       0       0       0       000010000D0000697
     110       0       0       1       0                               0D0000698
     110     361       0       0       0       0       0       000010000D0000699
     110       0       0       1       0                               0D0000700
     144     362       0       0       0       0       0       000020000D0000701
     144       0       0       1       0                               0D0000702
     108     363       0       0       0       0       0       000010000D0000703
     108       0       0       1       0                               0D0000704
     142     364       0       0       0       0       0       000010500D0000705
     142       0       0       1       0                               0D0000706
     102     365       0       0       0       0       0       000010000D0000707
     102       0       0       1       0                               0D0000708
     110     366       0       0       0       0       0       000010000D0000709
     110       0       0       1       0                               0D0000710
     110     367       0       0       0       0       0       000010000D0000711
     110       0       0       1       0                               0D0000712
     110     368       0       0       0       0       0       000010000D0000713
     110       0       0       1       0                               0D0000714
     110     369       0       0       0       0       0       000010000D0000715
     110       0       0       1       0                               0D0000716
     144     370       0       0       0       0       0       000020000D0000717
     144       0       0       1       0                               0D0000718
     108     371       0       0       0       0       0       000010000D0000719
     108       0       0       1       0                               0D0000720
     142     372       0       0       0       0       0       000010500D0000721
     142       0       0       1       0                               0D0000722
     102     373       0       0       0       0       0       000010000D0000723
     102       0       0       1       0                               0D0000724
     110     374       0       0       0       0       0       000010000D0000725
     110       0       0       1       0                               0D0000726
     110     375       0       0       0       0       0       000010000D0000727
     110       0       0       1       0                               0D0000728
     110     376       0       0       0       0       0       000010000D0000729
     110       0       0       1       0                               0D0000730
     110     377       0       0       0       0       0       000010000D0000731
     110       0       0       1       0                               0D0000732
     144     378       0       0       0       0       0       000020000D0000733
     144       0       0       1       0                               0D0000734
     108     379       0       0       0       0       0       000010000D0000735
     108       0       0       1       0                               0D0000736
     142     380       0       0       0       0       0       000010500D0000737
     142       0       0       1       0                               0D0000738
     102     381       0       0       0       0       0       000010000D0000739
     102       0       0       1       0                               0D0000740
     110     382       0       0       0       0       0       000010000D0000741
     110       0       0       1       0                               0D0000742
     110     383       0       0       0       0       0       000010000D0000743
     110       0       0       1       0                               0D0000744
     110     384       0       0       0       0       0       000010000D0000745
     110       0       0       1       0                               0D0000746
     110     385       0       0       0       0       0       000010000D0000747
     110       0       0       1       0                               0D0000748
     144     386       0       0       0       0       0       000020000D0000749
     144       0       0       1       0                               0D0000750
     108     387       0       0       0       0       0       000010000D0000751
     108       0       0       1       0                               0D0000752
     142     388       0       0       0       0       0       000010500D0000753
     142       0       0       1       0                               0D0000754
     102     389       0       0       0       0       0       000010000D0000755
     102       0       0       1       0                               0D0000756
     110     390       0       0       0       0       0       000010000D0000757
     110       0       0       1       0                               0D0000758
     110     391       0       0       0       0       0       000010000D0000759
     110       0       0       1       0                               0D0000760
     110     392       0       0       0       0       0       000010000D0000761
     110       0       0       1       0                               0D0000762
     110     393       0       0       0       0       0       000010000D0000763
     110       0       0       1       0                               0D0000764
     144     394       0       0       0       0       0       000020000D0000765
     144       0       0       1       0                               0D0000766
     108     395       0       0       0       0       0       000010000D0000767
     108       0       0       1       0                               0D0000768
     142     396       0       0       0       0       0       000010500D0000769
     142       0       0       1       0                               0D0000770
     102     397       0       0       0       0       0       000010000D0000771
     102       0       0       1       0                               0D0000772
     110     398       0       0       0       0       0       000010000D0000773
     110       0       0       1       0                               0D0000774
     110     399       0       0       0       0       0       000010000D0000775
     110       0       0       1       0                               0D0000776
     110     400       0       0       0       0       0       000010000D0000777
     110       0       0       1       0                               0D0000778
     110     401       0       0       0       0       0       000010000D0000779
     110       0       0       1       0                               0D0000780
     144     402       0       0       0       0       0       000020000D0000781
     144       0       0       1       0                               0D0000782
     108     403       0       0       0       0       0       000010000D0000783
     108       0       0       1       0                               0D0000784
     142     404       0       0       0       0       0       000010500D0000785
     142       0       0       1       0                               0D0000786
     102     405       0       0       0       0       0       000010000D0000787
     102       0       0       1       0                               0D0000788
     110     406       0       0       0       0       0       000010000D0000789
     110       0       0       1       0                               0D0000790
     110     407       0       0       0       0       0       000010000D0000791
     110       0       0       1       0                               0D0000792
     110     408       0       0       0       0       0       000010000D0000793
     110       0       0       1       0                               0D0000794
     110     409       0       0       0       0       0       000010000D0000795
     110       0       0       1       0                               0D0000796
     144     410       0       0       0       0       0       000020000D0000797
     144       0       0       1       0                               0D0000798
     108     411       0       0       0       0       0       000010000D0000799
     108       0       0       1       0                               0D0000800
     142     412       0       0       0       0       0       000010500D0000801
     142       0       0       1       0                               0D0000802
     102     413       0       0       0       0       0       000010000D0000803
     102       0       0       1       0                               0D0000804
     110     414       0       0       0       0       0       000010000D0000805
     110       0       0       1       0                               0D0000806
     110     415       0       0       0       0       0       000010000D0000807
     110       0       0       1       0                               0D0000808
     110     416       0       0       0       0       0       000010000D0000809
     110       0       0       1       0                               0D0000810
     110     417       0       0       0       0       0       000010000D0000811
     110       0       0       1       0                               0D0000812
     144     418       0       0       0       0       0       000020000D0000813
     144       0       0       1       0                               0D0000814
     108     419       0       0       0       0       0       000010000D0000815
     108       0       0       1       0                               0D0000816
     142     420       0       0       0       0       0       000010500D0000817
     142       0       0       1       0                               0D0000818
     102     421       0       0       0       0       0       000010000D0000819
     102       0       0       1       0                               0D0000820
     110     422       0       0       0       0       0       000010000D0000821
     110       0       0       1       0                               0D0000822
     110     423       0       0       0       0       0       000010000D0000823
     110       0       0       1       0                               0D0000824
     110     424       0       0       0       0       0       000010000D0000825
     110       0       0       1       0                               0D0000826
     110     425       0       0       0       0       0       000010000D0000827
     110       0       0       1       0                               0D0000828
     144     426       0       0       0       0       0       000020000D0000829
     144       0       0       1       0                               0D0000830
     108     427       0       0       0       0       0       000010000D0000831
     108       0       0       1       0                               0D0000832
     142     428       0       0       0       0       0       000010500D0000833
     142       0       0       1       0                               0D0000834
     102     429       0       0       0       0       0       000010000D0000835
     102       0       0       1       0                               0D0000836
     110     430       0       0       0       0       0       000010000D0000837
     110       0       0       1       0                               0D0000838
     110     431       0       0       0       0       0       000010000D0000839
     110       0       0       1       0                               0D0000840
     110     432       0       0       0       0       0       000010000D0000841
     110       0       0       1       0                               0D0000842
     110     433       0       0       0       0       0       000010000D0000843
     110       0       0       1       0                               0D0000844
     144     434       0       0       0       0       0       000020000D0000845
     144       0       0       1       0                               0D0000846
     108     435       0       0       0       0       0       000010000D0000847
     108       0       0       1       0                               0D0000848
     142     436       0       0       0       0       0       000010500D0000849
     142       0       0       1       0                               0D0000850
     102     437       0       0       0       0       0       000010000D0000851
     102       0       0       1       0                               0D0000852
     110     438       0       0       0       0       0       000010000D0000853
     110       0       0       1       0                               0D0000854
     110     439       0       0       0       0       0       000010000D0000855
     110       0       0       1       0                               0D0000856
     110     440       0       0       0       0       0       000010000D0000857
     110       0       0       1       0                               0D0000858
     110     441       0       0       0       0       0       000010000D0000859
     110       0       0       1       0                               0D0000860
     144     442       0       0       0       0       0       000020000D0000861
     144       0       0       1       0                               0D0000862
     108     443       0       0       0       0       0       000010000D0000863
     108       0       0       1       0                               0D0000864
     142     444       0       0       0       0       0       000010500D0000865
     142       0       0       1       0                               0D0000866
     102     445       0       0       0       0       0       000010000D0000867
     102       0       0       1       0                               0D0000868
     110     446       0       0       0       0       0       000010000D0000869
     110       0       0       1       0                               0D0000870
     110     447       0       0       0       0       0       000010000D0000871
     110       0       0       1       0                               0D0000872
     110     448       0       0       0       0       0       000010000D0000873
     110       0       0       1       0                               0D0000874
     110     449       0       0       0       0       0       000010000D0000875
     110       0       0       1       0                               0D0000876
     144     450       0       0       0       0       0       000020000D0000877
     144       0       0       1       0                               0D0000878
     108     451       0       0       0       0       0       000010000D0000879
     108       0       0       1       0                               0D0000880
     142     452       0       0       0       0       0       000010500D0000881
     142       0       0       1       0                               0D0000882
     102     453       0       0       0       0       0       000010000D0000883
     102       0       0       1       0                               0D0000884
     110     454       0       0       0       0       0       000010000D0000885
     110       0       0       1       0                               0D0000886
     110     455       0       0       0       0       0       000010000D0000887
     110       0       0       1       0                               0D0000888
     110     456       0       0       0       0       0       000010000D0000889
     110       0       0       1       0                               0D0000890
     110     457       0       0       0       0       0       000010000D0000891
     110       0       0       1       0                               0D0000892
     144     458       0       0       0       0       0       000020000D0000893
     144       0       0       1       0                               0D0000894
     108     459       0       0       0       0       0       000010000D0000895
     108       0       0       1       0                               0D0000896
     142     460       0       0       0       0       0       000010500D0000897
     142       0       0       1       0                               0D0000898
     102     461       0       0       0       0       0       000010000D0000899
     102       0       0       1       0                               0D0000900
     110     462       0       0       0       0       0       000010000D0000901
     110       0       0       1       0                               0D0000902
     110     463       0       0       0       0       0       000010000D0000903
     110       0       0       1       0                               0D0000904
     110     464       0       0       0       0       0       000010000D0000905
     110       0       0       1       0                               0D0000906
     110     465       0       0       0       0       0       000010000D0000907
     110       0       0       1       0                               0D0000908
     142     466       0       0       0       0       0       000010500D0000909
     142       0       0       1       0                               0D0000910
     100     467       0       0       0       0     913       000010000D0000911
     100       0       0       1       0                               0D0000912
     124     468       0       0       0       0       0       000000000D0000913
     124       0       0       2       0                               0D0000914
     142     470       0       0       0       0       0       000010500D0000915
     142       0       0       1       0                               0D0000916
     100     471       0       0       0       0     919       000010000D0000917
     100       0       0       1       0                               0D0000918
     124     472       0       0       0       0       0       000000000D0000919
     124       0       0       2       0                               0D0000920
     144     474       0       0       0       0       0       000020000D0000921
     144       0       0       1       0                               0D0000922
     108     475       0       0       0       0       0       000010000D0000923
     108       0       0       2       0                               0D0000924
     142     477       0       0       0       0       0       000010500D0000925
     142       0       0       1       0                               0D0000926
     102     478       0       0       0       0       0       000010000D0000927
     102       0       0       1       0                               0D0000928
     110     479       0       0       0       0       0       000010000D0000929
     110       0       0       1       0                               0D0000930
     110     480       0       0       0       0       0       000010000D0000931
     110       0       0       1       0                               0D0000932
     110     481       0       0       0       0       0       000010000D0000933
     110       0       0       1       0                               0D0000934
     110     482       0       0       0       0       0       000010000D0000935
     110       0       0       1       0                               0D0000936
     144     483       0       0       0       0       0       000020000D0000937
     144       0       0       1       0                               0D0000938
     108     484       0       0       0       0       0       000010000D0000939
     108       0       0       2       0                               0D0000940
     142     486       0       0       0       0       0       000010500D0000941
     142       0       0       1       0                               0D0000942
     102     487       0       0       0       0       0       000010000D0000943
     102       0       0       1       0                               0D0000944
     110     488       0       0       0       0       0       000010000D0000945
     110       0       0       1       0                               0D0000946
     110     489       0       0       0       0       0       000010000D0000947
     110       0       0       1       0                               0D0000948
     110     490       0       0       0       0       0       000010000D0000949
     110       0       0       1       0                               0D0000950
     110     491       0       0       0       0       0       000010000D0000951
     110       0       0       1       0                               0D0000952
     144     492       0       0       0       0       0       000020000D0000953
     144       0       0       1       0                               0D0000954
     108     493       0       0       0       0       0       000010000D0000955
     108       0       0       2       0                               0D0000956
     142     495       0       0       0       0       0       000010500D0000957
     142       0       0       1       0                               0D0000958
     102     496       0       0       0       0       0       000010000D0000959
     102       0       0       1       0                               0D0000960
     110     497       0       0       0       0       0       000010000D0000961
     110       0       0       1       0                               0D0000962
     110     498       0       0       0       0       0       000010000D0000963
     110       0       0       1       0                               0D0000964
     110     499       0       0       0       0       0       000010000D0000965
     110       0       0       1       0                               0D0000966
     110     500       0       0       0       0       0       000010000D0000967
     110       0       0       1       0                               0D0000968
     144     501       0       0       0       0       0       000020000D0000969
     144       0       0       1       0                               0D0000970
     108     502       0       0       0       0       0       000010000D0000971
     108       0       0       2       0                               0D0000972
     142     504       0       0       0       0       0       000010500D0000973
     142       0       0       1       0                               0D0000974
     102     505       0       0       0       0       0       000010000D0000975
     102       0       0       1       0                               0D0000976
     110     506       0       0       0       0       0       000010000D0000977
     110       0       0       1       0                               0D0000978
     110     507       0       0       0       0       0       000010000D0000979
     110       0       0       1       0                               0D0000980
     110     508       0       0       0       0       0       000010000D0000981
     110       0       0       1       0                               0D0000982
     110     509       0       0       0       0       0       000010000D0000983
     110       0       0       1       0                               0D0000984
     144     510       0       0       0       0       0       000020000D0000985
     144       0       0       1       0                               0D0000986
     108     511       0       0       0       0       0       000010000D0000987
     108       0       0       2       0                               0D0000988
     142     513       0       0       0       0       0       000010500D0000989
     142       0       0       1       0                               0D0000990
     102     514       0       0       0       0       0       000010000D0000991
     102       0       0       1       0                               0D0000992
     110     515       0       0       0       0       0       000010000D0000993
     110       0       0       1       0                               0D0000994
     110     516       0       0       0       0       0       000010000D0000995
     110       0       0       1       0                               0D0000996
     110     517       0       0       0       0       0       000010000D0000997
     110       0       0       1       0                               0D0000998
     110     518       0       0       0       0       0       000010000D0000999
     110       0       0       1       0                               0D0001000
     144     519       0       0       0       0       0       000020000D0001001
     144       0       0       1       0                               0D0001002
     108     520       0       0       0       0       0       000010000D0001003
     108       0       0       2       0                               0D0001004
     142     522       0       0       0       0       0       000010500D0001005
     142       0       0       1       0                               0D0001006
     102     523       0       0       0       0       0       000010000D0001007
     102       0       0       1       0                               0D0001008
     110     524       0       0       0       0       0       000010000D0001009
     110       0       0       1       0                               0D0001010
     110     525       0       0       0       0       0       000010000D0001011
     110       0       0       1       0                               0D0001012
     110     526       0       0       0       0       0       000010000D0001013
     110       0       0       1       0                               0D0001014
     110     527       0       0       0       0       0       000010000D0001015
     110       0       0       1       0                               0D0001016
     144     528       0       0       0       0       0       000020000D0001017
     144       0       0       1       0                               0D0001018
     108     529       0       0       0       0       0       000010000D0001019
     108       0       0       2       0                               0D0001020
     142     531       0       0       0       0       0       000010500D0001021
     142       0       0       1       0                               0D0001022
     102     532       0       0       0       0       0       000010000D0001023
     102       0       0       1       0                               0D0001024
     110     533       0       0       0       0       0       000010000D0001025
     110       0       0       1       0                               0D0001026
     110     534       0       0       0       0       0       000010000D0001027
     110       0       0       1       0                               0D0001028
     110     535       0       0       0       0       0       000010000D0001029
     110       0       0       1       0                               0D0001030
     110     536       0       0       0       0       0       000010000D0001031
     110       0       0       1       0                               0D0001032
     144     537       0       0       0       0       0       000020000D0001033
     144       0       0       1       0                               0D0001034
     108     538       0       0       0       0       0       000010000D0001035
     108       0       0       2       0                               0D0001036
     142     540       0       0       0       0       0       000010500D0001037
     142       0       0       1       0                               0D0001038
     102     541       0       0       0       0       0       000010000D0001039
     102       0       0       1       0                               0D0001040
     110     542       0       0       0       0       0       000010000D0001041
     110       0       0       1       0                               0D0001042
     110     543       0       0       0       0       0       000010000D0001043
     110       0       0       1       0                               0D0001044
     110     544       0       0       0       0       0       000010000D0001045
     110       0       0       1       0                               0D0001046
     110     545       0       0       0       0       0       000010000D0001047
     110       0       0       1       0                               0D0001048
     144     546       0       0       0       0       0       000020000D0001049
     144       0       0       1       0                               0D0001050
     108     547       0       0       0       0       0       000010000D0001051
     108       0       0       2       0                               0D0001052
     142     549       0       0       0       0       0       000010500D0001053
     142       0       0       1       0                               0D0001054
     102     550       0       0       0       0       0       000010000D0001055
     102       0       0       1       0                               0D0001056
     110     551       0       0       0       0       0       000010000D0001057
     110       0       0       1       0                               0D0001058
     110     552       0       0       0       0       0       000010000D0001059
     110       0       0       1       0                               0D0001060
     110     553       0       0       0       0       0       000010000D0001061
     110       0       0       1       0                               0D0001062
     110     554       0       0       0       0       0       000010000D0001063
     110       0       0       1       0                               0D0001064
     144     555       0       0       0       0       0       000020000D0001065
     144       0       0       1       0                               0D0001066
     108     556       0       0       0       0       0       000010000D0001067
     108       0       0       2       0                               0D0001068
     142     558       0       0       0       0       0       000010500D0001069
     142       0       0       1       0                               0D0001070
     102     559       0       0       0       0       0       000010000D0001071
     102       0       0       1       0                               0D0001072
     110     560       0       0       0       0       0       000010000D0001073
     110       0       0       1       0                               0D0001074
     110     561       0       0       0       0       0       000010000D0001075
     110       0       0       1       0                               0D0001076
     110     562       0       0       0       0       0       000010000D0001077
     110       0       0       1       0                               0D0001078
     110     563       0       0       0       0       0       000010000D0001079
     110       0       0       1       0                               0D0001080
     144     564       0       0       0       0       0       000020000D0001081
     144       0       0       1       0                               0D0001082
     108     565       0       0       0       0       0       000010000D0001083
     108       0       0       2       0                               0D0001084
     142     567       0       0       0       0       0       000010500D0001085
     142       0       0       1       0                               0D0001086
     102     568       0       0       0       0       0       000010000D0001087
     102       0       0       1       0                               0D0001088
     110     569       0       0       0       0       0       000010000D0001089
     110       0       0       1       0                               0D0001090
     110     570       0       0       0       0       0       000010000D0001091
     110       0       0       1       0                               0D0001092
     110     571       0       0       0       0       0       000010000D0001093
     110       0       0       1       0                               0D0001094
     110     572       0       0       0       0       0       000010000D0001095
     110       0       0       1       0                               0D0001096
     144     573       0       0       0       0       0       000020000D0001097
     144       0       0       1       0                               0D0001098
     108     574       0       0       0       0       0       000010000D0001099
     108       0       0       2       0                               0D0001100
     142     576       0       0       0       0       0       000010500D0001101
     142       0       0       1       0                               0D0001102
     102     577       0       0       0       0       0       000010000D0001103
     102       0       0       1       0                               0D0001104
     110     578       0       0       0       0       0       000010000D0001105
     110       0       0       1       0                               0D0001106
     110     579       0       0       0       0       0       000010000D0001107
     110       0       0       1       0                               0D0001108
     110     580       0       0       0       0       0       000010000D0001109
     110       0       0       1       0                               0D0001110
     110     581       0       0       0       0       0       000010000D0001111
     110       0       0       1       0                               0D0001112
     144     582       0       0       0       0       0       000020000D0001113
     144       0       0       1       0                               0D0001114
     108     583       0       0       0       0       0       000010000D0001115
     108       0       0       2       0                               0D0001116
     142     585       0       0       0       0       0       000010500D0001117
     142       0       0       1       0                               0D0001118
     102     586       0       0       0       0       0       000010000D0001119
     102       0       0       1       0                               0D0001120
     110     587       0       0       0       0       0       000010000D0001121
     110       0       0       1       0                               0D0001122
     110     588       0       0       0       0       0       000010000D0001123
     110       0       0       1       0                               0D0001124
     110     589       0       0       0       0       0       000010000D0001125
     110       0       0       1       0                               0D0001126
     110     590       0       0       0       0       0       000010000D0001127
     110       0       0       1       0                               0D0001128
     144     591       0       0       0       0       0       000020000D0001129
     144       0       0       1       0                               0D0001130
     108     592       0       0       0       0       0       000010000D0001131
     108       0       0       2       0                               0D0001132
     142     594       0       0       0       0       0       000010500D0001133
     142       0       0       1       0                               0D0001134
     102     595       0       0       0       0       0       000010000D0001135
     102       0       0       1       0                               0D0001136
     110     596       0       0       0       0       0       000010000D0001137
     110       0       0       1       0                               0D0001138
     110     597       0       0       0       0       0       000010000D0001139
     110       0       0       1       0                               0D0001140
     110     598       0       0       0       0       0       000010000D0001141
     110       0       0       1       0                               0D0001142
     110     599       0       0       0       0       0       000010000D0001143
     110       0       0       1       0                               0D0001144
     144     600       0       0       0       0       0       000020000D0001145
     144       0       0       1       0                               0D0001146
     108     601       0       0       0       0       0       000010000D0001147
     108       0       0       2       0                               0D0001148
     142     603       0       0       0       0       0       000010500D0001149
     142       0       0       1       0                               0D0001150
     102     604       0       0       0       0       0       000010000D0001151
     102       0       0       1       0                               0D0001152
     110     605       0       0       0       0       0       000010000D0001153
     110       0       0       1       0                               0D0001154
     110     606       0       0       0       0       0       000010000D0001155
     110       0       0       1       0                               0D0001156
     110     607       0       0       0       0       0       000010000D0001157
     110       0       0       1       0                               0D0001158
     110     608       0       0       0       0       0       000010000D0001159
     110       0       0       1       0                               0D0001160
     144     609       0       0       0       0       0       000020000D0001161
     144       0       0       1       0                               0D0001162
     108     610       0       0       0       0       0       000010000D0001163
     108       0       0       2       0                               0D0001164
     142     612       0       0       0       0       0       000010500D0001165
     142       0       0       1       0                               0D0001166
     102     613       0       0       0       0       0       000010000D0001167
     102       0       0       1       0                               0D0001168
     110     614       0       0       0       0       0       000010000D0001169
     110       0       0       1       0                               0D0001170
     110     615       0       0       0       0       0       000010000D0001171
     110       0       0       1       0                               0D0001172
     110     616       0       0       0       0       0       000010000D0001173
     110       0       0       1       0                               0D0001174
     110     617       0       0       0       0       0       000010000D0001175
     110       0       0       1       0                               0D0001176
     144     618       0       0       0       0       0       000020000D0001177
     144       0       0       1       0                               0D0001178
     120     619       0       0       0       0    1181       000010000D0001179
     120       0       0       1       0                               0D0001180
     124     620       0       0       0       0       0       000000000D0001181
     124       0       0       2       0                               0D0001182
     110     622       0       0       0       0       0       000010000D0001183
     110       0       0       1       0                               0D0001184
     110     623       0       0       0       0       0       000010000D0001185
     110       0       0       1       0                               0D0001186
     142     624       0       0       0       0       0       000010500D0001187
     142       0       0       1       0                               0D0001188
     142     625       0       0       0       0       0       000010500D0001189
     142       0       0       1       0                               0D0001190
     102     626       0       0       0       0       0       000010000D0001191
     102       0       0       1       0                               0D0001192
     110     627       0       0       0       0       0       000010000D0001193
     110       0       0       1       0                               0D0001194
     110     628       0       0       0       0       0       000010000D0001195
     110       0       0       1       0                               0D0001196
     110     629       0       0       0       0       0       000010000D0001197
     110       0       0       1       0                               0D0001198
     126     630       0       0       0       0       0       000010000D0001199
     126       0       0      22       0                               0D0001200
     110     652       0       0       0       0       0       000010000D0001201
     110       0       0       2       0                               0D0001202
     110     654       0       0       0       0       0       000010000D0001203
     110       0       0       2       0                               0D0001204
     110     656       0       0       0       0       0       000010000D0001205
     110       0       0       2       0                               0D0001206
     102     658       0       0       0       0       0       000010000D0001207
     102       0       0       1       0                               0D0001208
     110     659       0       0       0       0       0       000010000D0001209
     110       0       0       1       0                               0D0001210
     100     660       0       0       0       0    1213       000010000D0001211
     100       0       0       2       0                               0D0001212
     124     662       0       0       0       0       0       000000000D0001213
     124       0       0       2       0                               0D0001214
     100     664       0       0       0       0    1217       000010000D0001215
     100       0       0       2       0                               0D0001216
     124     666       0       0       0       0       0       000000000D0001217
     124       0       0       2       0                               0D0001218
     126     668       0       0       0       0       0       000010000D0001219
     126       0       0      23       0                               0D0001220
     110     691       0       0       0       0       0       000010000D0001221
     110       0       0       1       0                               0D0001222
     100     692       0       0       0       0    1225       000010000D0001223
     100       0       0       1       0                               0D0001224
     124     693       0       0       0       0       0       000000000D0001225
     124       0       0       2       0                               0D0001226
     110     695       0       0       0       0       0       000010000D0001227
     110       0       0       1       0                               0D0001228
     144     696       0       0       0       0       0       000020000D0001229
     144       0       0       1       0                               0D0001230
     120     697       0       0       0       0    1233       000010000D0001231
     120       0       0       1       0                               0D0001232
     124     698       0       0       0       0       0       000000000D0001233
     124       0       0       2       0                               0D0001234
     110     700       0       0       0       0       0       000010000D0001235
     110       0       0       1       0                               0D0001236
     110     701       0       0       0       0       0       000010000D0001237
     110       0       0       1       0                               0D0001238
     142     702       0       0       0       0       0       000010500D0001239
     142       0       0       1       0                               0D0001240
     102     703       0       0       0       0       0       000010000D0001241
     102       0       0       1       0                               0D0001242
     110     704       0       0       0       0       0       000010000D0001243
     110       0       0       1       0                               0D0001244
     110     705       0       0       0       0       0       000010000D0001245
     110       0       0       2       0                               0D0001246
     110     707       0       0       0       0       0       000010000D0001247
     110       0       0       2       0                               0D0001248
     110     709       0       0       0       0       0       000010000D0001249
     110       0       0       2       0                               0D0001250
     110     711       0       0       0       0       0       000010000D0001251
     110       0       0       1       0                               0D0001252
     110     712       0       0       0       0       0       000010000D0001253
     110       0       0       1       0                               0D0001254
     102     713       0       0       0       0       0       000010000D0001255
     102       0       0       1       0                               0D0001256
     100     714       0       0       0       0    1259       000010000D0001257
     100       0       0       2       0                               0D0001258
     124     716       0       0       0       0       0       000000000D0001259
     124       0       0       2       0                               0D0001260
     110     718       0       0       0       0       0       000010000D0001261
     110       0       0       1       0                               0D0001262
     100     719       0       0       0       0    1265       000010000D0001263
     100       0       0       1       0                               0D0001264
     124     720       0       0       0       0       0       000000000D0001265
     124       0       0       2       0                               0D0001266
     110     722       0       0       0       0       0       000010000D0001267
     110       0       0       1       0                               0D0001268
     100     723       0       0       0       0    1271       000010000D0001269
     100       0       0       2       0                               0D0001270
     124     725       0       0       0       0       0       000000000D0001271
     124       0       0       2       0                               0D0001272
     100     727       0       0       0       0    1275       000010000D0001273
     100       0       0       2       0                               0D0001274
     124     729       0       0       0       0       0       000000000D0001275
     124       0       0       2       0                               0D0001276
     142     731       0       0       0       0       0       000010500D0001277
     142       0       0       1       0                               0D0001278
     144     732       0       0       0       0       0       000020000D0001279
     144       0       0       1       0                               0D0001280
     108     733       0       0       0       0       0       000010000D0001281
     108       0       0       1       0                               0D0001282
     142     734       0       0       0       0       0       000010500D0001283
     142       0       0       1       0                               0D0001284
     102     735       0       0       0       0       0       000010000D0001285
     102       0       0       1       0                               0D0001286
     110     736       0       0       0       0       0       000010000D0001287
     110       0       0       1       0                               0D0001288
     110     737       0       0       0       0       0       000010000D0001289
     110       0       0       1       0                               0D0001290
     110     738       0       0       0       0       0       000010000D0001291
     110       0       0       1       0                               0D0001292
     110     739       0       0       0       0       0       000010000D0001293
     110       0       0       1       0                               0D0001294
     144     740       0       0       0       0       0       000020000D0001295
     144       0       0       1       0                               0D0001296
     108     741       0       0       0       0       0       000010000D0001297
     108       0       0       1       0                               0D0001298
     142     742       0       0       0       0       0       000010500D0001299
     142       0       0       1       0                               0D0001300
     102     743       0       0       0       0       0       000010000D0001301
     102       0       0       1       0                               0D0001302
     110     744       0       0       0       0       0       000010000D0001303
     110       0       0       1       0                               0D0001304
     110     745       0       0       0       0       0       000010000D0001305
     110       0       0       1       0                               0D0001306
     110     746       0       0       0       0       0       000010000D0001307
     110       0       0       1       0                               0D0001308
     110     747       0       0       0       0       0       000010000D0001309
     110       0       0       1       0                               0D0001310
     144     748       0       0       0       0       0       000020000D0001311
     144       0       0       1       0                               0D0001312
     108     749       0       0       0       0       0       000010000D0001313
     108       0       0       1       0                               0D0001314
     142     750       0       0       0       0       0       000010500D0001315
     142       0       0       1       0                               0D0001316
     102     751       0       0       0       0       0       000010000D0001317
     102       0       0       1       0                               0D0001318
     110     752       0       0       0       0       0       000010000D0001319
     110       0       0       1       0                               0D0001320
     110     753       0       0       0       0       0       000010000D0001321
     110       0       0       1       0                               0D0001322
     110     754       0       0       0       0       0       000010000D0001323
     110       0       0       1       0                               0D0001324
     110     755       0       0       0       0       0       000010000D0001325
     110       0       0       1       0                               0D0001326
     144     756       0       0       0       0       0       000020000D0001327
     144       0       0       1       0                               0D0001328
     108     757       0       0       0       0       0       000010000D0001329
     108       0       0       1       0                               0D0001330
     142     758       0       0       0       0       0       000010500D0001331
     142       0       0       1       0                               0D0001332
     102     759       0       0       0       0       0       000010000D0001333
     102       0       0       1       0                               0D0001334
     110     760       0       0       0       0       0       000010000D0001335
     110       0       0       1       0                               0D0001336
     110     761       0       0       0       0       0       000010000D0001337
     110       0       0       1       0                               0D0001338
     110     762       0       0       0       0       0       000010000D0001339
     110       0       0       1       0                               0D0001340
     110     763       0       0       0       0       0       000010000D0001341
     110       0       0       1       0                               0D0001342
     144     764       0       0       0       0       0       000020000D0001343
     144       0       0       1       0                               0D0001344
     108     765       0       0       0       0       0       000010000D0001345
     108       0       0       1       0                               0D0001346
     142     766       0       0       0       0       0       000010500D0001347
     142       0       0       1       0                               0D0001348
     102     767       0       0       0       0       0       000010000D0001349
     102       0       0       1       0                               0D0001350
     100     768       0       0       0       0    1353       000010000D0001351
     100       0       0       2       0                               0D0001352
     124     770       0       0       0       0       0       000000000D0001353
     124       0       0       2       0                               0D0001354
     100     772       0       0       0       0    1357       000010000D0001355
     100       0       0       2       0                               0D0001356
     124     774       0       0       0       0       0       000000000D0001357
     124       0       0       2       0                               0D0001358
     100     776       0       0       0       0    1361       000010000D0001359
     100       0       0       2       0                               0D0001360
     124     778       0       0       0       0       0       000000000D0001361
     124       0       0       2       0                               0D0001362
     100     780       0       0       0       0    1365       000010000D0001363
     100       0       0       1       0                               0D0001364
     124     781       0       0       0       0       0       000000000D0001365
     124       0       0       2       0                               0D0001366
     144     783       0       0       0       0       0       000020000D0001367
     144       0       0       1       0                               0D0001368
     108     784       0       0       0       0       0       000010000D0001369
     108       0       0       1       0                               0D0001370
     142     785       0       0       0       0       0       000010500D0001371
     142       0       0       1       0                               0D0001372
     102     786       0       0       0       0       0       000010000D0001373
     102       0       0       1       0                               0D0001374
     100     787       0       0       0       0    1377       000010000D0001375
     100       0       0       2       0                               0D0001376
     124     789       0       0       0       0       0       000000000D0001377
     124       0       0       2       0                               0D0001378
     100     791       0       0       0       0    1381       000010000D0001379
     100       0       0       2       0                               0D0001380
     124     793       0       0       0       0       0       000000000D0001381
     124       0       0       2       0                               0D0001382
     144     795       0       0       0       0       0       000020000D0001383
     144       0       0       1       0                               0D0001384
     120     796       0       0       0       0    1387       000010000D0001385
     120       0       0       1       0                               0D0001386
     124     797       0       0       0       0       0       000000000D0001387
     124       0       0       2       0                               0D0001388
     110     799       0       0       0       0       0       000010000D0001389
     110       0       0       1       0                               0D0001390
     110     800       0       0       0       0       0       000010000D0001391
     110       0       0       1       0                               0D0001392
     142     801       0       0       0       0       0       000010500D0001393
     142       0       0       1       0                               0D0001394
     102     802       0       0       0       0       0       000010000D0001395
     102       0       0       1       0                               0D0001396
     110     803       0       0       0       0       0       000010000D0001397
     110       0       0       1       0                               0D0001398
     110     804       0       0       0       0       0       000010000D0001399
     110       0       0       2       0                               0D0001400
     126     806       0       0       0       0       0       000010000D0001401
     126       0       0      22       0                               0D0001402
     102     828       0       0       0       0       0       000010000D0001403
     102       0       0       1       0                               0D0001404
     100     829       0       0       0       0    1407       000010000D0001405
     100       0       0       2       0                               0D0001406
     124     831       0       0       0       0       0       000000000D0001407
     124       0       0       2       0                               0D0001408
     110     833       0       0       0       0       0       000010000D0001409
     110       0       0       1       0                               0D0001410
     126     834       0       0       0       0       0       000010000D0001411
     126       0       0      22       0                               0D0001412
     144     856       0       0       0       0       0       000020000D0001413
     144       0       0       1       0                               0D0001414
     108     857       0       0       0       0       0       000010000D0001415
     108       0       0       1       0                               0D0001416
     142     858       0       0       0       0       0       000010500D0001417
     142       0       0       1       0                               0D0001418
     102     859       0       0       0       0       0       000010000D0001419
     102       0       0       1       0                               0D0001420
     100     860       0       0       0       0    1423       000010000D0001421
     100       0       0       2       0                               0D0001422
     124     862       0       0       0       0       0       000000000D0001423
     124       0       0       2       0                               0D0001424
     100     864       0       0       0       0    1427       000010000D0001425
     100       0       0       2       0                               0D0001426
     124     866       0       0       0       0       0       000000000D0001427
     124       0       0       2       0                               0D0001428
     100     868       0       0       0       0    1431       000010000D0001429
     100       0       0       2       0                               0D0001430
     124     870       0       0       0       0       0       000000000D0001431
     124       0       0       2       0                               0D0001432
     144     872       0       0       0       0       0       000020000D0001433
     144       0       0       1       0                               0D0001434
     108     873       0       0       0       0       0       000010000D0001435
     108       0       0       1       0                               0D0001436
     142     874       0       0       0       0       0       000010500D0001437
     142       0       0       1       0                               0D0001438
     102     875       0       0       0       0       0       000010000D0001439
     102       0       0       1       0                               0D0001440
     100     876       0       0       0       0    1443       000010000D0001441
     100       0       0       2       0                               0D0001442
     124     878       0       0       0       0       0       000000000D0001443
     124       0       0       2       0                               0D0001444
     100     880       0       0       0       0    1447       000010000D0001445
     100       0       0       2       0                               0D0001446
     124     882       0       0       0       0       0       000000000D0001447
     124       0       0       2       0                               0D0001448
     100     884       0       0       0       0    1451       000010000D0001449
     100       0       0       2       0                               0D0001450
     124     886       0       0       0       0       0       000000000D0001451
     124       0       0       2       0                               0D0001452
     144     888       0       0       0       0       0       000020000D0001453
     144       0       0       1       0                               0D0001454
     120     889       0       0       0       0    1457       000010000D0001455
     120       0       0       1       0                               0D0001456
     124     890       0       0       0       0       0       000000000D0001457
     124       0       0       2       0                               0D0001458
     110     892       0       0       0       0       0       000010000D0001459
     110       0       0       1       0                               0D0001460
     100     893       0       0       0       0    1463       000010000D0001461
     100       0       0       2       0                               0D0001462
     124     895       0       0       0       0       0       000000000D0001463
     124       0       0       2       0                               0D0001464
     142     897       0       0       0       0       0       000010500D0001465
     142       0       0       1       0                               0D0001466
     102     898       0       0       0       0       0       000010000D0001467
     102       0       0       1       0                               0D0001468
     110     899       0       0       0       0       0       000010000D0001469
     110       0       0       2       0                               0D0001470
     110     901       0       0       0       0       0       000010000D0001471
     110       0       0       2       0                               0D0001472
     126     903       0       0       0       0       0       000010000D0001473
     126       0       0      34       0                               0D0001474
     110     937       0       0       0       0       0       000010000D0001475
     110       0       0       2       0                               0D0001476
     110     939       0       0       0       0       0       000010000D0001477
     110       0       0       2       0                               0D0001478
     110     941       0       0       0       0       0       000010000D0001479
     110       0       0       2       0                               0D0001480
     102     943       0       0       0       0       0       000010000D0001481
     102       0       0       1       0                               0D0001482
     100     944       0       0       0       0    1485       000010000D0001483
     100       0       0       2       0                               0D0001484
     124     946       0       0       0       0       0       000000000D0001485
     124       0       0       2       0                               0D0001486
     100     948       0       0       0       0    1489       000010000D0001487
     100       0       0       2       0                               0D0001488
     124     950       0       0       0       0       0       000000000D0001489
     124       0       0       2       0                               0D0001490
     126     952       0       0       0       0       0       000010000D0001491
     126       0       0      35       0                               0D0001492
     100     987       0       0       0       0    1495       000010000D0001493
     100       0       0       2       0                               0D0001494
     124     989       0       0       0       0       0       000000000D0001495
     124       0       0       2       0                               0D0001496
     100     991       0       0       0       0    1499       000010000D0001497
     100       0       0       2       0                               0D0001498
     124     993       0       0       0       0       0       000000000D0001499
     124       0       0       2       0                               0D0001500
     100     995       0       0       0       0    1503       000010000D0001501
     100       0       0       2       0                               0D0001502
     124     997       0       0       0       0       0       000000000D0001503
     124       0       0       2       0                               0D0001504
     142     999       0       0       0       0       0       000010500D0001505
     142       0       0       1       0                               0D0001506
     144    1000       0       0       0       0       0       000020000D0001507
     144       0       0       1       0                               0D0001508
     120    1001       0       0       0       0    1511       000010000D0001509
     120       0       0       1       0                               0D0001510
     124    1002       0       0       0       0       0       000000000D0001511
     124       0       0       2       0                               0D0001512
     110    1004       0       0       0       0       0       000010000D0001513
     110       0       0       1       0                               0D0001514
     100    1005       0       0       0       0    1517       000010000D0001515
     100       0       0       2       0                               0D0001516
     124    1007       0       0       0       0       0       000000000D0001517
     124       0       0       2       0                               0D0001518
     142    1009       0       0       0       0       0       000010500D0001519
     142       0       0       1       0                               0D0001520
     102    1010       0       0       0       0       0       000010000D0001521
     102       0       0       1       0                               0D0001522
     126    1011       0       0       0       0       0       000010000D0001523
     126       0       0      34       0                               0D0001524
     110    1045       0       0       0       0       0       000010000D0001525
     110       0       0       2       0                               0D0001526
     110    1047       0       0       0       0       0       000010000D0001527
     110       0       0       2       0                               0D0001528
     102    1049       0       0       0       0       0       000010000D0001529
     102       0       0       1       0                               0D0001530
     126    1050       0       0       0       0       0       000010000D0001531
     126       0       0      35       0                               0D0001532
     100    1085       0       0       0       0    1535       000010000D0001533
     100       0       0       2       0                               0D0001534
     124    1087       0       0       0       0       0       000000000D0001535
     124       0       0       2       0                               0D0001536
     100    1089       0       0       0       0    1539       000010000D0001537
     100       0       0       2       0                               0D0001538
     124    1091       0       0       0       0       0       000000000D0001539
     124       0       0       2       0                               0D0001540
     144    1093       0       0       0       0       0       000020000D0001541
     144       0       0       1       0                               0D0001542
     120    1094       0       0       0       0    1545       000010000D0001543
     120       0       0       1       0                               0D0001544
     124    1095       0       0       0       0       0       000000000D0001545
     124       0       0       2       0                               0D0001546
     110    1097       0       0       0       0       0       000010000D0001547
     110       0       0       1       0                               0D0001548
     100    1098       0       0       0       0    1551       000010000D0001549
     100       0       0       2       0                               0D0001550
     124    1100       0       0       0       0       0       000000000D0001551
     124       0       0       2       0                               0D0001552
     142    1102       0       0       0       0       0       000010500D0001553
     142       0       0       1       0                               0D0001554
     102    1103       0       0       0       0       0       000010000D0001555
     102       0       0       1       0                               0D0001556
     110    1104       0       0       0       0       0       000010000D0001557
     110       0       0       2       0                               0D0001558
     110    1106       0       0       0       0       0       000010000D0001559
     110       0       0       2       0                               0D0001560
     126    1108       0       0       0       0       0       000010000D0001561
     126       0       0      54       0                               0D0001562
     110    1162       0       0       0       0       0       000010000D0001563
     110       0       0       2       0                               0D0001564
     110    1164       0       0       0       0       0       000010000D0001565
     110       0       0       2       0                               0D0001566
     110    1166       0       0       0       0       0       000010000D0001567
     110       0       0       2       0                               0D0001568
     102    1168       0       0       0       0       0       000010000D0001569
     102       0       0       1       0                               0D0001570
     100    1169       0       0       0       0    1573       000010000D0001571
     100       0       0       2       0                               0D0001572
     124    1171       0       0       0       0       0       000000000D0001573
     124       0       0       2       0                               0D0001574
     100    1173       0       0       0       0    1577       000010000D0001575
     100       0       0       2       0                               0D0001576
     124    1175       0       0       0       0       0       000000000D0001577
     124       0       0       2       0                               0D0001578
     126    1177       0       0       0       0       0       000010000D0001579
     126       0       0      52       0                               0D0001580
     100    1229       0       0       0       0    1583       000010000D0001581
     100       0       0       2       0                               0D0001582
     124    1231       0       0       0       0       0       000000000D0001583
     124       0       0       2       0                               0D0001584
     100    1233       0       0       0       0    1587       000010000D0001585
     100       0       0       2       0                               0D0001586
     124    1235       0       0       0       0       0       000000000D0001587
     124       0       0       2       0                               0D0001588
     100    1237       0       0       0       0    1591       000010000D0001589
     100       0       0       2       0                               0D0001590
     124    1239       0       0       0       0       0       000000000D0001591
     124       0       0       2       0                               0D0001592
     144    1241       0       0       0       0       0       000020000D0001593
     144       0       0       1       0                               0D0001594
     120    1242       0       0       0       0    1597       000010000D0001595
     120       0       0       1       0                               0D0001596
     124    1243       0       0       0       0       0       000000000D0001597
     124       0       0       2       0                               0D0001598
     110    1245       0       0       0       0       0       000010000D0001599
     110       0       0       1       0                               0D0001600
     100    1246       0       0       0       0    1603       000010000D0001601
     100       0       0       2       0                               0D0001602
     124    1248       0       0       0       0       0       000000000D0001603
     124       0       0       2       0                               0D0001604
     142    1250       0       0       0       0       0       000010500D0001605
     142       0       0       1       0                               0D0001606
     102    1251       0       0       0       0       0       000010000D0001607
     102       0       0       1       0                               0D0001608
     126    1252       0       0       0       0       0       000010000D0001609
     126       0       0      55       0                               0D0001610
     110    1307       0       0       0       0       0       000010000D0001611
     110       0       0       2       0                               0D0001612
     110    1309       0       0       0       0       0       000010000D0001613
     110       0       0       2       0                               0D0001614
     102    1311       0       0       0       0       0       000010000D0001615
     102       0       0       1       0                               0D0001616
     126    1312       0       0       0       0       0       000010000D0001617
     126       0       0      53       0                               0D0001618
     100    1365       0       0       0       0    1621       000010000D0001619
     100       0       0       2       0                               0D0001620
     124    1367       0       0       0       0       0       000000000D0001621
     124       0       0       2       0                               0D0001622
     100    1369       0       0       0       0    1625       000010000D0001623
     100       0       0       2       0                               0D0001624
     124    1371       0       0       0       0       0       000000000D0001625
     124       0       0       2       0                               0D0001626
     144    1373       0       0       0       0       0       000020000D0001627
     144       0       0       1       0                               0D0001628
     108    1374       0       0       0       0       0       000010000D0001629
     108       0       0       2       0                               0D0001630
     142    1376       0       0       0       0       0       000010500D0001631
     142       0       0       1       0                               0D0001632
     102    1377       0       0       0       0       0       000010000D0001633
     102       0       0       4       0                               0D0001634
     126    1381       0       0       0       0       0       000010000D0001635
     126       0       0       3       0                               0D0001636
     126    1384       0       0       0       0       0       000010000D0001637
     126       0       0       3       0                               0D0001638
     126    1387       0       0       0       0       0       000010000D0001639
     126       0       0       3       0                               0D0001640
     126    1390       0       0       0       0       0       000010000D0001641
     126       0       0       3       0                               0D0001642
     126    1393       0       0       0       0       0       000010000D0001643
     126       0       0       3       0                               0D0001644
     126    1396       0       0       0       0       0       000010000D0001645
     126       0       0       3       0                               0D0001646
     126    1399       0       0       0       0       0       000010000D0001647
     126       0       0       3       0                               0D0001648
     126    1402       0       0       0       0       0       000010000D0001649
     126       0       0       3       0                               0D0001650
     126    1405       0       0       0       0       0       000010000D0001651
     126       0       0       3       0                               0D0001652
     126    1408       0       0       0       0       0       000010000D0001653
     126       0       0       3       0                               0D0001654
     126    1411       0       0       0       0       0       000010000D0001655
     126       0       0       3       0                               0D0001656
     126    1414       0       0       0       0       0       000010000D0001657
     126       0       0       3       0                               0D0001658
     126    1417       0       0       0       0       0       000010000D0001659
     126       0       0       3       0                               0D0001660
     126    1420       0       0       0       0       0       000010000D0001661
     126       0       0       3       0                               0D0001662
     126    1423       0       0       0       0       0       000010000D0001663
     126       0       0       3       0                               0D0001664
     126    1426       0       0       0       0       0       000010000D0001665
     126       0       0       3       0                               0D0001666
     126    1429       0       0       0       0       0       000010000D0001667
     126       0       0       3       0                               0D0001668
     126    1432       0       0       0       0       0       000010000D0001669
     126       0       0       3       0                               0D0001670
     126    1435       0       0       0       0       0       000010000D0001671
     126       0       0       3       0                               0D0001672
     126    1438       0       0       0       0       0       000010000D0001673
     126       0       0       3       0                               0D0001674
     126    1441       0       0       0       0       0       000010000D0001675
     126       0       0       3       0                               0D0001676
     126    1444       0       0       0       0       0       000010000D0001677
     126       0       0       3       0                               0D0001678
     110    1447       0       0       0       0       0       000010000D0001679
     110       0       0       1       0                               0D0001680
     126    1448       0       0       0       0       0       000010000D0001681
     126       0       0       3       0                               0D0001682
     126    1451       0       0       0       0       0       000010000D0001683
     126       0       0       3       0                               0D0001684
     126    1454       0       0       0       0       0       000010000D0001685
     126       0       0       3       0                               0D0001686
     126    1457       0       0       0       0       0       000010000D0001687
     126       0       0       3       0                               0D0001688
     126    1460       0       0       0       0       0       000010000D0001689
     126       0       0       3       0                               0D0001690
     126    1463       0       0       0       0       0       000010000D0001691
     126       0       0       3       0                               0D0001692
     126    1466       0       0       0       0       0       000010000D0001693
     126       0       0       3       0                               0D0001694
     126    1469       0       0       0       0       0       000010000D0001695
     126       0       0       3       0                               0D0001696
     126    1472       0       0       0       0       0       000010000D0001697
     126       0       0       3       0                               0D0001698
     126    1475       0       0       0       0       0       000010000D0001699
     126       0       0       3       0                               0D0001700
     126    1478       0       0       0       0       0       000010000D0001701
     126       0       0       3       0                               0D0001702
     126    1481       0       0       0       0       0       000010000D0001703
     126       0       0       3       0                               0D0001704
     126    1484       0       0       0       0       0       000010000D0001705
     126       0       0       3       0                               0D0001706
     126    1487       0       0       0       0       0       000010000D0001707
     126       0       0       3       0                               0D0001708
     110    1490       0       0       0       0       0       000010000D0001709
     110       0       0       1       0                               0D0001710
     126    1491       0       0       0       0       0       000010000D0001711
     126       0       0       3       0                               0D0001712
     126    1494       0       0       0       0       0       000010000D0001713
     126       0       0       3       0                               0D0001714
     144    1497       0       0       0       0       0       000020000D0001715
     144       0       0       1       0                               0D0001716
     108    1498       0       0       0       0       0       000010000D0001717
     108       0       0       2       0                               0D0001718
     142    1500       0       0       0       0       0       000010500D0001719
     142       0       0       1       0                               0D0001720
     102    1501       0       0       0       0       0       000010000D0001721
     102       0       0       2       0                               0D0001722
     110    1503       0       0       0       0       0       000010000D0001723
     110       0       0       1       0                               0D0001724
     110    1504       0       0       0       0       0       000010000D0001725
     110       0       0       1       0                               0D0001726
     126    1505       0       0       0       0       0       000010000D0001727
     126       0       0       3       0                               0D0001728
     126    1508       0       0       0       0       0       000010000D0001729
     126       0       0       3       0                               0D0001730
     110    1511       0       0       0       0       0       000010000D0001731
     110       0       0       1       0                               0D0001732
     126    1512       0       0       0       0       0       000010000D0001733
     126       0       0       3       0                               0D0001734
     126    1515       0       0       0       0       0       000010000D0001735
     126       0       0       3       0                               0D0001736
     126    1518       0       0       0       0       0       000010000D0001737
     126       0       0       3       0                               0D0001738
     126    1521       0       0       0       0       0       000010000D0001739
     126       0       0       3       0                               0D0001740
     110    1524       0       0       0       0       0       000010000D0001741
     110       0       0       1       0                               0D0001742
     110    1525       0       0       0       0       0       000010000D0001743
     110       0       0       1       0                               0D0001744
     110    1526       0       0       0       0       0       000010000D0001745
     110       0       0       1       0                               0D0001746
     110    1527       0       0       0       0       0       000010000D0001747
     110       0       0       1       0                               0D0001748
     126    1528       0       0       0       0       0       000010000D0001749
     126       0       0       3       0                               0D0001750
     126    1531       0       0       0       0       0       000010000D0001751
     126       0       0       3       0                               0D0001752
     110    1534       0       0       0       0       0       000010000D0001753
     110       0       0       1       0                               0D0001754
     126    1535       0       0       0       0       0       000010000D0001755
     126       0       0       3       0                               0D0001756
     126    1538       0       0       0       0       0       000010000D0001757
     126       0       0       3       0                               0D0001758
     110    1541       0       0       0       0       0       000010000D0001759
     110       0       0       1       0                               0D0001760
     110    1542       0       0       0       0       0       000010000D0001761
     110       0       0       1       0                               0D0001762
     144    1543       0       0       0       0       0       000020000D0001763
     144       0       0       1       0                               0D0001764
     108    1544       0       0       0       0       0       000010000D0001765
     108       0       0       2       0                               0D0001766
     142    1546       0       0       0       0       0       000010500D0001767
     142       0       0       1       0                               0D0001768
     102    1547       0       0       0       0       0       000010000D0001769
     102       0       0       2       0                               0D0001770
     110    1549       0       0       0       0       0       000010000D0001771
     110       0       0       1       0                               0D0001772
     110    1550       0       0       0       0       0       000010000D0001773
     110       0       0       1       0                               0D0001774
     126    1551       0       0       0       0       0       000010000D0001775
     126       0       0       3       0                               0D0001776
     126    1554       0       0       0       0       0       000010000D0001777
     126       0       0       3       0                               0D0001778
     126    1557       0       0       0       0       0       000010000D0001779
     126       0       0       3       0                               0D0001780
     126    1560       0       0       0       0       0       000010000D0001781
     126       0       0       3       0                               0D0001782
     110    1563       0       0       0       0       0       000010000D0001783
     110       0       0       1       0                               0D0001784
     126    1564       0       0       0       0       0       000010000D0001785
     126       0       0       3       0                               0D0001786
     126    1567       0       0       0       0       0       000010000D0001787
     126       0       0       3       0                               0D0001788
     126    1570       0       0       0       0       0       000010000D0001789
     126       0       0       3       0                               0D0001790
     126    1573       0       0       0       0       0       000010000D0001791
     126       0       0       3       0                               0D0001792
     110    1576       0       0       0       0       0       000010000D0001793
     110       0       0       2       0                               0D0001794
     126    1578       0       0       0       0       0       000010000D0001795
     126       0       0       3       0                               0D0001796
     126    1581       0       0       0       0       0       000010000D0001797
     126       0       0       3       0                               0D0001798
     110    1584       0       0       0       0       0       000010000D0001799
     110       0       0       1       0                               0D0001800
     110    1585       0       0       0       0       0       000010000D0001801
     110       0       0       1       0                               0D0001802
     110    1586       0       0       0       0       0       000010000D0001803
     110       0       0       1       0                               0D0001804
     110    1587       0       0       0       0       0       000010000D0001805
     110       0       0       1       0                               0D0001806
     110    1588       0       0       0       0       0       000010000D0001807
     110       0       0       1       0                               0D0001808
     144    1589       0       0       0       0       0       000020000D0001809
     144       0       0       1       0                               0D0001810
     108    1590       0       0       0       0       0       000010000D0001811
     108       0       0       2       0                               0D0001812
     142    1592       0       0       0       0       0       000010500D0001813
     142       0       0       1       0                               0D0001814
     102    1593       0       0       0       0       0       000010000D0001815
     102       0       0       2       0                               0D0001816
     110    1595       0       0       0       0       0       000010000D0001817
     110       0       0       1       0                               0D0001818
     110    1596       0       0       0       0       0       000010000D0001819
     110       0       0       1       0                               0D0001820
     126    1597       0       0       0       0       0       000010000D0001821
     126       0       0       3       0                               0D0001822
     126    1600       0       0       0       0       0       000010000D0001823
     126       0       0       3       0                               0D0001824
     126    1603       0       0       0       0       0       000010000D0001825
     126       0       0       3       0                               0D0001826
     126    1606       0       0       0       0       0       000010000D0001827
     126       0       0       3       0                               0D0001828
     110    1609       0       0       0       0       0       000010000D0001829
     110       0       0       1       0                               0D0001830
     126    1610       0       0       0       0       0       000010000D0001831
     126       0       0       3       0                               0D0001832
     126    1613       0       0       0       0       0       000010000D0001833
     126       0       0       3       0                               0D0001834
     110    1616       0       0       0       0       0       000010000D0001835
     110       0       0       1       0                               0D0001836
     110    1617       0       0       0       0       0       000010000D0001837
     110       0       0       1       0                               0D0001838
     126    1618       0       0       0       0       0       000010000D0001839
     126       0       0       3       0                               0D0001840
     126    1621       0       0       0       0       0       000010000D0001841
     126       0       0       3       0                               0D0001842
     110    1624       0       0       0       0       0       000010000D0001843
     110       0       0       1       0                               0D0001844
     126    1625       0       0       0       0       0       000010000D0001845
     126       0       0       3       0                               0D0001846
     126    1628       0       0       0       0       0       000010000D0001847
     126       0       0       3       0                               0D0001848
     110    1631       0       0       0       0       0       000010000D0001849
     110       0       0       1       0                               0D0001850
     144    1632       0       0       0       0       0       000020000D0001851
     144       0       0       1       0                               0D0001852
     108    1633       0       0       0       0       0       000010000D0001853
     108       0       0       2       0                               0D0001854
     142    1635       0       0       0       0       0       000010500D0001855
     142       0       0       1       0                               0D0001856
     102    1636       0       0       0       0       0       000010000D0001857
     102       0       0       2       0                               0D0001858
     126    1638       0       0       0       0       0       000010000D0001859
     126       0       0       3       0                               0D0001860
     126    1641       0       0       0       0       0       000010000D0001861
     126       0       0       3       0                               0D0001862
     126    1644       0       0       0       0       0       000010000D0001863
     126       0       0       3       0                               0D0001864
     126    1647       0       0       0       0       0       000010000D0001865
     126       0       0       3       0                               0D0001866
     126    1650       0       0       0       0       0       000010000D0001867
     126       0       0       3       0                               0D0001868
     126    1653       0       0       0       0       0       000010000D0001869
     126       0       0       3       0                               0D0001870
     126    1656       0       0       0       0       0       000010000D0001871
     126       0       0       3       0                               0D0001872
     126    1659       0       0       0       0       0       000010000D0001873
     126       0       0       3       0                               0D0001874
     126    1662       0       0       0       0       0       000010000D0001875
     126       0       0       3       0                               0D0001876
     126    1665       0       0       0       0       0       000010000D0001877
     126       0       0       3       0                               0D0001878
     126    1668       0       0       0       0       0       000010000D0001879
     126       0       0       3       0                               0D0001880
     126    1671       0       0       0       0       0       000010000D0001881
     126       0       0       3       0                               0D0001882
     126    1674       0       0       0       0       0       000010000D0001883
     126       0       0       3       0                               0D0001884
     126    1677       0       0       0       0       0       000010000D0001885
     126       0       0       3       0                               0D0001886
     126    1680       0       0       0       0       0       000010000D0001887
     126       0       0       3       0                               0D0001888
     126    1683       0       0       0       0       0       000010000D0001889
     126       0       0       3       0                               0D0001890
     142    1686       0       0       0       0       0       000010500D0001891
     142       0       0       1       0                               0D0001892
     102    1687       0       0       0       0       0       000010000D0001893
     102       0       0       2       0                               0D0001894
     126    1689       0       0       0       0       0       000010000D0001895
     126       0       0       3       0                               0D0001896
     126    1692       0       0       0       0       0       000010000D0001897
     126       0       0       3       0                               0D0001898
     126    1695       0       0       0       0       0       000010000D0001899
     126       0       0       3       0                               0D0001900
     126    1698       0       0       0       0       0       000010000D0001901
     126       0       0       3       0                               0D0001902
     126    1701       0       0       0       0       0       000010000D0001903
     126       0       0       3       0                               0D0001904
     126    1704       0       0       0       0       0       000010000D0001905
     126       0       0       3       0                               0D0001906
     126    1707       0       0       0       0       0       000010000D0001907
     126       0       0       3       0                               0D0001908
     126    1710       0       0       0       0       0       000010000D0001909
     126       0       0       3       0                               0D0001910
     126    1713       0       0       0       0       0       000010000D0001911
     126       0       0       3       0                               0D0001912
     126    1716       0       0       0       0       0       000010000D0001913
     126       0       0       3       0                               0D0001914
     126    1719       0       0       0       0       0       000010000D0001915
     126       0       0       3       0                               0D0001916
     126    1722       0       0       0       0       0       000010000D0001917
     126       0       0       3       0                               0D0001918
     126    1725       0       0       0       0       0       000010000D0001919
     126       0       0       3       0                               0D0001920
     126    1728       0       0       0       0       0       000010000D0001921
     126       0       0       3       0                               0D0001922
     126    1731       0       0       0       0       0       000010000D0001923
     126       0       0       3       0                               0D0001924
     126    1734       0       0       0       0       0       000010000D0001925
     126       0       0       3       0                               0D0001926
     144    1737       0       0       0       0       0       000020000D0001927
     144       0       0       1       0                               0D0001928
     108    1738       0       0       0       0       0       000010000D0001929
     108       0       0       2       0                               0D0001930
     142    1740       0       0       0       0       0       000010500D0001931
     142       0       0       1       0                               0D0001932
     102    1741       0       0       0       0       0       000010000D0001933
     102       0       0       1       0                               0D0001934
     110    1742       0       0       0       0       0       000010000D0001935
     110       0       0       1       0                               0D0001936
     110    1743       0       0       0       0       0       000010000D0001937
     110       0       0       1       0                               0D0001938
     110    1744       0       0       0       0       0       000010000D0001939
     110       0       0       1       0                               0D0001940
     110    1745       0       0       0       0       0       000010000D0001941
     110       0       0       1       0                               0D0001942
     110    1746       0       0       0       0       0       000010000D0001943
     110       0       0       1       0                               0D0001944
     110    1747       0       0       0       0       0       000010000D0001945
     110       0       0       1       0                               0D0001946
     110    1748       0       0       0       0       0       000010000D0001947
     110       0       0       1       0                               0D0001948
     110    1749       0       0       0       0       0       000010000D0001949
     110       0       0       1       0                               0D0001950
     144    1750       0       0       0       0       0       000020000D0001951
     144       0       0       1       0                               0D0001952
     108    1751       0       0       0       0       0       000010000D0001953
     108       0       0       2       0                               0D0001954
     142    1753       0       0       0       0       0       000010500D0001955
     142       0       0       1       0                               0D0001956
     102    1754       0       0       0       0       0       000010000D0001957
     102       0       0       1       0                               0D0001958
     110    1755       0       0       0       0       0       000010000D0001959
     110       0       0       1       0                               0D0001960
     110    1756       0       0       0       0       0       000010000D0001961
     110       0       0       1       0                               0D0001962
     110    1757       0       0       0       0       0       000010000D0001963
     110       0       0       1       0                               0D0001964
     110    1758       0       0       0       0       0       000010000D0001965
     110       0       0       1       0                               0D0001966
     110    1759       0       0       0       0       0       000010000D0001967
     110       0       0       1       0                               0D0001968
     110    1760       0       0       0       0       0       000010000D0001969
     110       0       0       1       0                               0D0001970
     110    1761       0       0       0       0       0       000010000D0001971
     110       0       0       1       0                               0D0001972
     110    1762       0       0       0       0       0       000010000D0001973
     110       0       0       1       0                               0D0001974
     110    1763       0       0       0       0       0       000010000D0001975
     110       0       0       1       0                               0D0001976
     110    1764       0       0       0       0       0       000010000D0001977
     110       0       0       1       0                               0D0001978
     144    1765       0       0       0       0       0       000020000D0001979
     144       0       0       1       0                               0D0001980
     108    1766       0       0       0       0       0       000010000D0001981
     108       0       0       2       0                               0D0001982
     142    1768       0       0       0       0       0       000010500D0001983
     142       0       0       1       0                               0D0001984
     102    1769       0       0       0       0       0       000010000D0001985
     102       0       0       3       0                               0D0001986
     110    1772       0       0       0       0       0       000010000D0001987
     110       0       0       1       0                               0D0001988
     126    1773       0       0       0       0       0       000010000D0001989
     126       0       0       3       0                               0D0001990
     110    1776       0       0       0       0       0       000010000D0001991
     110       0       0       1       0                               0D0001992
     126    1777       0       0       0       0       0       000010000D0001993
     126       0       0       3       0                               0D0001994
     126    1780       0       0       0       0       0       000010000D0001995
     126       0       0       4       0                               0D0001996
     110    1784       0       0       0       0       0       000010000D0001997
     110       0       0       1       0                               0D0001998
     110    1785       0       0       0       0       0       000010000D0001999
     110       0       0       1       0                               0D0002000
     126    1786       0       0       0       0       0       000010000D0002001
     126       0       0       3       0                               0D0002002
     126    1789       0       0       0       0       0       000010000D0002003
     126       0       0       3       0                               0D0002004
     126    1792       0       0       0       0       0       000010000D0002005
     126       0       0       3       0                               0D0002006
     110    1795       0       0       0       0       0       000010000D0002007
     110       0       0       1       0                               0D0002008
     110    1796       0       0       0       0       0       000010000D0002009
     110       0       0       1       0                               0D0002010
     126    1797       0       0       0       0       0       000010000D0002011
     126       0       0       3       0                               0D0002012
     126    1800       0       0       0       0       0       000010000D0002013
     126       0       0       3       0                               0D0002014
     126    1803       0       0       0       0       0       000010000D0002015
     126       0       0       3       0                               0D0002016
     126    1806       0       0       0       0       0       000010000D0002017
     126       0       0       3       0                               0D0002018
     110    1809       0       0       0       0       0       000010000D0002019
     110       0       0       1       0                               0D0002020
     126    1810       0       0       0       0       0       000010000D0002021
     126       0       0       3       0                               0D0002022
     126    1813       0       0       0       0       0       000010000D0002023
     126       0       0       3       0                               0D0002024
     110    1816       0       0       0       0       0       000010000D0002025
     110       0       0       1       0                               0D0002026
     110    1817       0       0       0       0       0       000010000D0002027
     110       0       0       1       0                               0D0002028
     110    1818       0       0       0       0       0       000010000D0002029
     110       0       0       1       0                               0D0002030
     110    1819       0       0       0       0       0       000010000D0002031
     110       0       0       1       0                               0D0002032
     110    1820       0       0       0       0       0       000010000D0002033
     110       0       0       1       0                               0D0002034
     110    1821       0       0       0       0       0       000010000D0002035
     110       0       0       1       0                               0D0002036
     144    1822       0       0       0       0       0       000020000D0002037
     144       0       0       1       0                               0D0002038
     108    1823       0       0       0       0       0       000010000D0002039
     108       0       0       2       0                               0D0002040
     142    1825       0       0       0       0       0       000010500D0002041
     142       0       0       1       0                               0D0002042
     102    1826       0       0       0       0       0       000010000D0002043
     102       0       0       2       0                               0D0002044
     110    1828       0       0       0       0       0       000010000D0002045
     110       0       0       1       0                               0D0002046
     110    1829       0       0       0       0       0       000010000D0002047
     110       0       0       1       0                               0D0002048
     110    1830       0       0       0       0       0       000010000D0002049
     110       0       0       1       0                               0D0002050
     110    1831       0       0       0       0       0       000010000D0002051
     110       0       0       1       0                               0D0002052
     110    1832       0       0       0       0       0       000010000D0002053
     110       0       0       1       0                               0D0002054
     126    1833       0       0       0       0       0       000010000D0002055
     126       0       0       3       0                               0D0002056
     126    1836       0       0       0       0       0       000010000D0002057
     126       0       0       3       0                               0D0002058
     126    1839       0       0       0       0       0       000010000D0002059
     126       0       0       3       0                               0D0002060
     126    1842       0       0       0       0       0       000010000D0002061
     126       0       0       3       0                               0D0002062
     110    1845       0       0       0       0       0       000010000D0002063
     110       0       0       1       0                               0D0002064
     126    1846       0       0       0       0       0       000010000D0002065
     126       0       0       3       0                               0D0002066
     126    1849       0       0       0       0       0       000010000D0002067
     126       0       0       3       0                               0D0002068
     110    1852       0       0       0       0       0       000010000D0002069
     110       0       0       1       0                               0D0002070
     110    1853       0       0       0       0       0       000010000D0002071
     110       0       0       1       0                               0D0002072
     110    1854       0       0       0       0       0       000010000D0002073
     110       0       0       1       0                               0D0002074
     110    1855       0       0       0       0       0       000010000D0002075
     110       0       0       1       0                               0D0002076
     110    1856       0       0       0       0       0       000010000D0002077
     110       0       0       1       0                               0D0002078
     144    1857       0       0       0       0       0       000020000D0002079
     144       0       0       1       0                               0D0002080
     108    1858       0       0       0       0       0       000010000D0002081
     108       0       0       2       0                               0D0002082
     142    1860       0       0       0       0       0       000010500D0002083
     142       0       0       1       0                               0D0002084
     102    1861       0       0       0       0       0       000010000D0002085
     102       0       0       4       0                               0D0002086
     110    1865       0       0       0       0       0       000010000D0002087
     110       0       0       1       0                               0D0002088
     126    1866       0       0       0       0       0       000010000D0002089
     126       0       0       3       0                               0D0002090
     126    1869       0       0       0       0       0       000010000D0002091
     126       0       0       3       0                               0D0002092
     126    1872       0       0       0       0       0       000010000D0002093
     126       0       0       3       0                               0D0002094
     126    1875       0       0       0       0       0       000010000D0002095
     126       0       0       3       0                               0D0002096
     126    1878       0       0       0       0       0       000010000D0002097
     126       0       0       3       0                               0D0002098
     126    1881       0       0       0       0       0       000010000D0002099
     126       0       0       3       0                               0D0002100
     126    1884       0       0       0       0       0       000010000D0002101
     126       0       0       3       0                               0D0002102
     126    1887       0       0       0       0       0       000010000D0002103
     126       0       0       3       0                               0D0002104
     126    1890       0       0       0       0       0       000010000D0002105
     126       0       0       3       0                               0D0002106
     126    1893       0       0       0       0       0       000010000D0002107
     126       0       0       3       0                               0D0002108
     110    1896       0       0       0       0       0       000010000D0002109
     110       0       0       1       0                               0D0002110
     126    1897       0       0       0       0       0       000010000D0002111
     126       0       0       4       0                               0D0002112
     126    1901       0       0       0       0       0       000010000D0002113
     126       0       0       3       0                               0D0002114
     126    1904       0       0       0       0       0       000010000D0002115
     126       0       0       3       0                               0D0002116
     126    1907       0       0       0       0       0       000010000D0002117
     126       0       0       3       0                               0D0002118
     126    1910       0       0       0       0       0       000010000D0002119
     126       0       0       3       0                               0D0002120
     126    1913       0       0       0       0       0       000010000D0002121
     126       0       0       3       0                               0D0002122
     126    1916       0       0       0       0       0       000010000D0002123
     126       0       0       3       0                               0D0002124
     126    1919       0       0       0       0       0       000010000D0002125
     126       0       0       3       0                               0D0002126
     126    1922       0       0       0       0       0       000010000D0002127
     126       0       0       3       0                               0D0002128
     126    1925       0       0       0       0       0       000010000D0002129
     126       0       0       3       0                               0D0002130
     126    1928       0       0       0       0       0       000010000D0002131
     126       0       0       3       0                               0D0002132
     126    1931       0       0       0       0       0       000010000D0002133
     126       0       0       3       0                               0D0002134
     110    1934       0       0       0       0       0       000010000D0002135
     110       0       0       1       0                               0D0002136
     126    1935       0       0       0       0       0       000010000D0002137
     126       0       0       3       0                               0D0002138
     126    1938       0       0       0       0       0       000010000D0002139
     126       0       0       3       0                               0D0002140
     126    1941       0       0       0       0       0       000010000D0002141
     126       0       0       3       0                               0D0002142
     126    1944       0       0       0       0       0       000010000D0002143
     126       0       0       3       0                               0D0002144
     126    1947       0       0       0       0       0       000010000D0002145
     126       0       0       3       0                               0D0002146
     126    1950       0       0       0       0       0       000010000D0002147
     126       0       0       3       0                               0D0002148
     126    1953       0       0       0       0       0       000010000D0002149
     126       0       0       3       0                               0D0002150
     126    1956       0       0       0       0       0       000010000D0002151
     126       0       0       3       0                               0D0002152
     126    1959       0       0       0       0       0       000010000D0002153
     126       0       0       3       0                               0D0002154
     126    1962       0       0       0       0       0       000010000D0002155
     126       0       0       3       0                               0D0002156
     126    1965       0       0       0       0       0       000010000D0002157
     126       0       0       3       0                               0D0002158
     126    1968       0       0       0       0       0       000010000D0002159
     126       0       0       3       0                               0D0002160
     126    1971       0       0       0       0       0       000010000D0002161
     126       0       0       3       0                               0D0002162
     126    1974       0       0       0       0       0       000010000D0002163
     126       0       0       3       0                               0D0002164
     126    1977       0       0       0       0       0       000010000D0002165
     126       0       0       3       0                               0D0002166
     126    1980       0       0       0       0       0       000010000D0002167
     126       0       0       3       0                               0D0002168
     126    1983       0       0       0       0       0       000010000D0002169
     126       0       0       3       0                               0D0002170
     126    1986       0       0       0       0       0       000010000D0002171
     126       0       0       3       0                               0D0002172
     126    1989       0       0       0       0       0       000010000D0002173
     126       0       0       3       0                               0D0002174
     126    1992       0       0       0       0       0       000010000D0002175
     126       0       0       3       0                               0D0002176
     126    1995       0       0       0       0       0       000010000D0002177
     126       0       0       3       0                               0D0002178
     144    1998       0       0       0       0       0       000020000D0002179
     144       0       0       1       0                               0D0002180
     108    1999       0       0       0       0       0       000010000D0002181
     108       0       0       2       0                               0D0002182
     142    2001       0       0       0       0       0       000010500D0002183
     142       0       0       1       0                               0D0002184
     102    2002       0       0       0       0       0       000010000D0002185
     102       0       0       3       0                               0D0002186
     126    2005       0       0       0       0       0       000010000D0002187
     126       0       0       3       0                               0D0002188
     126    2008       0       0       0       0       0       000010000D0002189
     126       0       0       3       0                               0D0002190
     126    2011       0       0       0       0       0       000010000D0002191
     126       0       0       3       0                               0D0002192
     126    2014       0       0       0       0       0       000010000D0002193
     126       0       0       3       0                               0D0002194
     126    2017       0       0       0       0       0       000010000D0002195
     126       0       0       3       0                               0D0002196
     126    2020       0       0       0       0       0       000010000D0002197
     126       0       0       3       0                               0D0002198
     126    2023       0       0       0       0       0       000010000D0002199
     126       0       0       3       0                               0D0002200
     126    2026       0       0       0       0       0       000010000D0002201
     126       0       0       3       0                               0D0002202
     126    2029       0       0       0       0       0       000010000D0002203
     126       0       0       3       0                               0D0002204
     126    2032       0       0       0       0       0       000010000D0002205
     126       0       0       3       0                               0D0002206
     126    2035       0       0       0       0       0       000010000D0002207
     126       0       0       3       0                               0D0002208
     126    2038       0       0       0       0       0       000010000D0002209
     126       0       0       3       0                               0D0002210
     126    2041       0       0       0       0       0       000010000D0002211
     126       0       0       3       0                               0D0002212
     126    2044       0       0       0       0       0       000010000D0002213
     126       0       0       3       0                               0D0002214
     126    2047       0       0       0       0       0       000010000D0002215
     126       0       0       3       0                               0D0002216
     126    2050       0       0       0       0       0       000010000D0002217
     126       0       0       3       0                               0D0002218
     126    2053       0       0       0       0       0       000010000D0002219
     126       0       0       3       0                               0D0002220
     126    2056       0       0       0       0       0       000010000D0002221
     126       0       0       3       0                               0D0002222
     126    2059       0       0       0       0       0       000010000D0002223
     126       0       0       3       0                               0D0002224
     126    2062       0       0       0       0       0       000010000D0002225
     126       0       0       3       0                               0D0002226
     126    2065       0       0       0       0       0       000010000D0002227
     126       0       0       3       0                               0D0002228
     126    2068       0       0       0       0       0       000010000D0002229
     126       0       0       3       0                               0D0002230
     126    2071       0       0       0       0       0       000010000D0002231
     126       0       0       3       0                               0D0002232
     126    2074       0       0       0       0       0       000010000D0002233
     126       0       0       3       0                               0D0002234
     126    2077       0       0       0       0       0       000010000D0002235
     126       0       0       3       0                               0D0002236
     126    2080       0       0       0       0       0       000010000D0002237
     126       0       0       3       0                               0D0002238
     126    2083       0       0       0       0       0       000010000D0002239
     126       0       0       3       0                               0D0002240
     126    2086       0       0       0       0       0       000010000D0002241
     126       0       0       3       0                               0D0002242
     142    2089       0       0       0       0       0       000010500D0002243
     142       0       0       1       0                               0D0002244
     102    2090       0       0       0       0       0       000010000D0002245
     102       0       0       2       0                               0D0002246
     126    2092       0       0       0       0       0       000010000D0002247
     126       0       0       3       0                               0D0002248
     126    2095       0       0       0       0       0       000010000D0002249
     126       0       0       3       0                               0D0002250
     126    2098       0       0       0       0       0       000010000D0002251
     126       0       0       3       0                               0D0002252
     126    2101       0       0       0       0       0       000010000D0002253
     126       0       0       3       0                               0D0002254
     126    2104       0       0       0       0       0       000010000D0002255
     126       0       0       3       0                               0D0002256
     126    2107       0       0       0       0       0       000010000D0002257
     126       0       0       3       0                               0D0002258
     126    2110       0       0       0       0       0       000010000D0002259
     126       0       0       3       0                               0D0002260
     126    2113       0       0       0       0       0       000010000D0002261
     126       0       0       3       0                               0D0002262
     126    2116       0       0       0       0       0       000010000D0002263
     126       0       0       3       0                               0D0002264
     126    2119       0       0       0       0       0       000010000D0002265
     126       0       0       3       0                               0D0002266
     126    2122       0       0       0       0       0       000010000D0002267
     126       0       0       3       0                               0D0002268
     126    2125       0       0       0       0       0       000010000D0002269
     126       0       0       3       0                               0D0002270
     126    2128       0       0       0       0       0       000010000D0002271
     126       0       0       3       0                               0D0002272
     126    2131       0       0       0       0       0       000010000D0002273
     126       0       0       3       0                               0D0002274
     126    2134       0       0       0       0       0       000010000D0002275
     126       0       0       3       0                               0D0002276
     126    2137       0       0       0       0       0       000010000D0002277
     126       0       0       3       0                               0D0002278
     142    2140       0       0       0       0       0       000010500D0002279
     142       0       0       1       0                               0D0002280
     102    2141       0       0       0       0       0       000010000D0002281
     102       0       0       2       0                               0D0002282
     126    2143       0       0       0       0       0       000010000D0002283
     126       0       0       3       0                               0D0002284
     126    2146       0       0       0       0       0       000010000D0002285
     126       0       0       3       0                               0D0002286
     126    2149       0       0       0       0       0       000010000D0002287
     126       0       0       3       0                               0D0002288
     126    2152       0       0       0       0       0       000010000D0002289
     126       0       0       3       0                               0D0002290
     126    2155       0       0       0       0       0       000010000D0002291
     126       0       0       3       0                               0D0002292
     126    2158       0       0       0       0       0       000010000D0002293
     126       0       0       3       0                               0D0002294
     126    2161       0       0       0       0       0       000010000D0002295
     126       0       0       3       0                               0D0002296
     126    2164       0       0       0       0       0       000010000D0002297
     126       0       0       3       0                               0D0002298
     126    2167       0       0       0       0       0       000010000D0002299
     126       0       0       3       0                               0D0002300
     126    2170       0       0       0       0       0       000010000D0002301
     126       0       0       3       0                               0D0002302
     126    2173       0       0       0       0       0       000010000D0002303
     126       0       0       3       0                               0D0002304
     126    2176       0       0       0       0       0       000010000D0002305
     126       0       0       3       0                               0D0002306
     126    2179       0       0       0       0       0       000010000D0002307
     126       0       0       3       0                               0D0002308
     126    2182       0       0       0       0       0       000010000D0002309
     126       0       0       3       0                               0D0002310
     126    2185       0       0       0       0       0       000010000D0002311
     126       0       0       3       0                               0D0002312
     126    2188       0       0       0       0       0       000010000D0002313
     126       0       0       3       0                               0D0002314
402,12,3,1627,1715,1763,1809,1851,1927,1951,1979,2037,2079,2179; 0000001P0000001
402,79,5,21,65,81,105,125,141,157,177,197,213,229,245,265,281,   0000003P0000002
297,313,329,345,361,377,393,437,461,477,493,557,573,589,605,621, 0000003P0000003
637,653,669,685,701,717,733,749,765,781,797,813,829,845,861,877, 0000003P0000004
893,921,937,953,969,985,1001,1017,1033,1049,1065,1081,1097,1113, 0000003P0000005
1129,1145,1161,1177,1229,1279,1295,1311,1327,1343,1367,1383,     0000003P0000006
1413,1433,1453,1507,1541,1593;                                   0000003P0000007
144,7,1,0,9;                                                     0000005P0000008
108,0.E+000,-1.,0.E+000,3.5,0,-0.495209,-3.5,0.E+000,0.E+000;    0000007P0000009
142,0,7,0,11,2;                                                  0000009P0000010
102,4,13,15,17,19;                                               0000011P0000011
110,-3.5,-3.5,0.E+000,-0.495209,-3.5,0.E+000;                    0000013P0000012
110,-0.495209,-3.5,0.E+000,-0.495209,-3.5,5.9;                   0000015P0000013
110,-0.495209,-3.5,5.9,-3.5,-3.5,5.9;                            0000017P0000014
110,-3.5,-3.5,5.9,-3.5,-3.5,0.E+000;                             0000019P0000015
144,23,1,1,25,53;                                                0000021P0000016
108,0.E+000,0.E+000,1.,0.E+000,0,-0.495209,-3.5,0.E+000,0.E+000; 0000023P0000017
142,0,23,0,27,2;                                                 0000025P0000018
102,12,29,31,33,35,37,39,41,43,45,47,49,51;                      0000027P0000019
110,-3.5,-3.5,0.E+000,-0.495209,-3.5,0.E+000;                    0000029P0000020
110,-0.495209,-3.5,0.E+000,-0.495209,-3.210418,0.E+000;          0000031P0000021
110,-0.495209,-3.210418,0.E+000,0.50057,-3.210418,0.E+000;       0000033P0000022
110,0.50057,-3.210418,0.E+000,0.50057,-3.5,0.E+000;              0000035P0000023
110,0.50057,-3.5,0.E+000,3.5,-3.5,0.E+000;                       0000037P0000024
110,3.5,-3.5,0.E+000,3.5,3.5,0.E+000;                            0000039P0000025
110,3.5,3.5,0.E+000,0.495233,3.5,0.E+000;                        0000041P0000026
110,0.495233,3.5,0.E+000,0.495233,3.210418,0.E+000;              0000043P0000027
110,0.495233,3.210418,0.E+000,-0.507091,3.210418,0.E+000;        0000045P0000028
110,-0.507091,3.210418,0.E+000,-0.507091,3.5,0.E+000;            0000047P0000029
110,-0.507091,3.5,0.E+000,-3.5,3.5,0.E+000;                      0000049P0000030
110,-3.5,3.5,0.E+000,-3.5,-3.5,0.E+000;                          0000051P0000031
142,0,23,0,55,2;                                                 0000053P0000032
102,4,57,59,61,63;                                               0000055P0000033
110,2.5,-2.5,0.E+000,-2.5,-2.5,0.E+000;                          0000057P0000034
110,-2.5,-2.5,0.E+000,-2.5,2.5,0.E+000;                          0000059P0000035
110,-2.5,2.5,0.E+000,2.5,2.5,0.E+000;                            0000061P0000036
110,2.5,2.5,0.E+000,2.5,-2.5,0.E+000;                            0000063P0000037
144,67,1,0,69;                                                   0000065P0000038
108,-1.,0.E+000,0.E+000,3.5,0,-3.5,-3.5,0.E+000,0.E+000;         0000067P0000039
142,0,67,0,71,2;                                                 0000069P0000040
102,4,73,75,77,79;                                               0000071P0000041
110,-3.5,3.5,0.E+000,-3.5,-3.5,0.E+000;                          0000073P0000042
110,-3.5,-3.5,0.E+000,-3.5,-3.5,5.9;                             0000075P0000043
110,-3.5,-3.5,5.9,-3.5,3.5,5.9;                                  0000077P0000044
110,-3.5,3.5,5.9,-3.5,3.5,0.E+000;                               0000079P0000045
144,83,1,0,85;                                                   0000081P0000046
108,0.E+000,0.E+000,1.,5.9,0,-3.5,3.5,5.9,0.E+000;               0000083P0000047
142,0,83,0,87,2;                                                 0000085P0000048
102,8,89,91,93,95,97,99,101,103;                                 0000087P0000049
110,-0.507091,3.5,5.9,-3.5,3.5,5.9;                              0000089P0000050
110,-3.5,3.5,5.9,-3.5,-3.5,5.9;                                  0000091P0000051
110,-3.5,-3.5,5.9,-0.495209,-3.5,5.9;                            0000093P0000052
110,-0.495209,-3.5,5.9,-0.495209,-3.4,5.9;                       0000095P0000053
110,-0.495209,-3.4,5.9,-3.4,-3.4,5.9;                            0000097P0000054
110,-3.4,-3.4,5.9,-3.4,3.4,5.9;                                  0000099P0000055
110,-3.4,3.4,5.9,-0.507091,3.4,5.9;                              0000101P0000056
110,-0.507091,3.4,5.9,-0.507091,3.5,5.9;                         0000103P0000057
144,107,1,0,109;                                                 0000105P0000058
108,-1.,0.E+000,0.E+000,0.495209,0,-0.495209,-3.5,0.E+000,       0000107P0000059
0.E+000;                                                         0000107P0000060
142,0,107,0,111,2;                                               0000109P0000061
102,6,113,115,117,119,121,123;                                   0000111P0000062
110,-0.495209,-3.210418,0.E+000,-0.495209,-3.5,0.E+000;          0000113P0000063
110,-0.495209,-3.5,0.E+000,-0.495209,-3.5,5.9;                   0000115P0000064
110,-0.495209,-3.5,5.9,-0.495209,-3.4,5.9;                       0000117P0000065
110,-0.495209,-3.4,5.9,-0.495209,-3.4,6.;                        0000119P0000066
110,-0.495209,-3.4,6.,-0.495209,-3.210418,6.;                    0000121P0000067
110,-0.495209,-3.210418,6.,-0.495209,-3.210418,0.E+000;          0000123P0000068
144,127,1,0,129;                                                 0000125P0000069
108,0.E+000,1.,0.E+000,-3.210418,0,-0.495209,-3.210418,0.E+000,  0000127P0000070
0.E+000;                                                         0000127P0000071
142,0,127,0,131,2;                                               0000129P0000072
102,4,133,135,137,139;                                           0000131P0000073
110,-0.495209,-3.210418,0.E+000,-0.495209,-3.210418,6.;          0000133P0000074
110,-0.495209,-3.210418,6.,0.50057,-3.210418,6.;                 0000135P0000075
110,0.50057,-3.210418,6.,0.50057,-3.210418,0.E+000;              0000137P0000076
110,0.50057,-3.210418,0.E+000,-0.495209,-3.210418,0.E+000;       0000139P0000077
144,143,1,0,145;                                                 0000141P0000078
108,0.E+000,1.,0.E+000,3.5,0,-3.5,3.5,0.E+000,0.E+000;           0000143P0000079
142,0,143,0,147,2;                                               0000145P0000080
102,4,149,151,153,155;                                           0000147P0000081
110,-0.507091,3.5,0.E+000,-3.5,3.5,0.E+000;                      0000149P0000082
110,-3.5,3.5,0.E+000,-3.5,3.5,5.9;                               0000151P0000083
110,-3.5,3.5,5.9,-0.507091,3.5,5.9;                              0000153P0000084
110,-0.507091,3.5,5.9,-0.507091,3.5,0.E+000;                     0000155P0000085
144,159,1,0,161;                                                 0000157P0000086
108,1.,0.E+000,0.E+000,0.50057,0,0.50057,-3.210418,0.E+000,      0000159P0000087
0.E+000;                                                         0000159P0000088
142,0,159,0,163,2;                                               0000161P0000089
102,6,165,167,169,171,173,175;                                   0000163P0000090
110,0.50057,-3.5,0.E+000,0.50057,-3.210418,0.E+000;              0000165P0000091
110,0.50057,-3.210418,0.E+000,0.50057,-3.210418,6.;              0000167P0000092
110,0.50057,-3.210418,6.,0.50057,-3.4,6.;                        0000169P0000093
110,0.50057,-3.4,6.,0.50057,-3.4,5.9;                            0000171P0000094
110,0.50057,-3.4,5.9,0.50057,-3.5,5.9;                           0000173P0000095
110,0.50057,-3.5,5.9,0.50057,-3.5,0.E+000;                       0000175P0000096
144,179,1,0,181;                                                 0000177P0000097
108,1.,0.E+000,0.E+000,-0.507091,0,-0.507091,3.5,0.E+000,        0000179P0000098
0.E+000;                                                         0000179P0000099
142,0,179,0,183,2;                                               0000181P0000100
102,6,185,187,189,191,193,195;                                   0000183P0000101
110,-0.507091,3.210418,0.E+000,-0.507091,3.5,0.E+000;            0000185P0000102
110,-0.507091,3.5,0.E+000,-0.507091,3.5,5.9;                     0000187P0000103
110,-0.507091,3.5,5.9,-0.507091,3.4,5.9;                         0000189P0000104
110,-0.507091,3.4,5.9,-0.507091,3.4,6.;                          0000191P0000105
110,-0.507091,3.4,6.,-0.507091,3.210418,6.;                      0000193P0000106
110,-0.507091,3.210418,6.,-0.507091,3.210418,0.E+000;            0000195P0000107
144,199,1,0,201;                                                 0000197P0000108
108,0.E+000,-1.,0.E+000,3.5,0,3.5,-3.5,0.E+000,0.E+000;          0000199P0000109
142,0,199,0,203,2;                                               0000201P0000110
102,4,205,207,209,211;                                           0000203P0000111
110,0.50057,-3.5,0.E+000,3.5,-3.5,0.E+000;                       0000205P0000112
110,3.5,-3.5,0.E+000,3.5,-3.5,5.9;                               0000207P0000113
110,3.5,-3.5,5.9,0.50057,-3.5,5.9;                               0000209P0000114
110,0.50057,-3.5,5.9,0.50057,-3.5,0.E+000;                       0000211P0000115
144,215,1,0,217;                                                 0000213P0000116
108,0.E+000,1.,0.E+000,3.210418,0,-0.507091,3.210418,0.E+000,    0000215P0000117
0.E+000;                                                         0000215P0000118
142,0,215,0,219,2;                                               0000217P0000119
102,4,221,223,225,227;                                           0000219P0000120
110,-0.507091,3.210418,0.E+000,-0.507091,3.210418,6.;            0000221P0000121
110,-0.507091,3.210418,6.,0.495233,3.210418,6.;                  0000223P0000122
110,0.495233,3.210418,6.,0.495233,3.210418,0.E+000;              0000225P0000123
110,0.495233,3.210418,0.E+000,-0.507091,3.210418,0.E+000;        0000227P0000124
144,231,1,0,233;                                                 0000229P0000125
108,1.,0.E+000,0.E+000,3.5,0,3.5,3.5,0.E+000,0.E+000;            0000231P0000126
142,0,231,0,235,2;                                               0000233P0000127
102,4,237,239,241,243;                                           0000235P0000128
110,3.5,-3.5,0.E+000,3.5,3.5,0.E+000;                            0000237P0000129
110,3.5,3.5,0.E+000,3.5,3.5,5.9;                                 0000239P0000130
110,3.5,3.5,5.9,3.5,-3.5,5.9;                                    0000241P0000131
110,3.5,-3.5,5.9,3.5,-3.5,0.E+000;                               0000243P0000132
144,247,1,0,249;                                                 0000245P0000133
108,-1.,0.E+000,0.E+000,-0.495233,0,0.495233,3.210418,0.E+000,   0000247P0000134
0.E+000;                                                         0000247P0000135
142,0,247,0,251,2;                                               0000249P0000136
102,6,253,255,257,259,261,263;                                   0000251P0000137
110,0.495233,3.5,0.E+000,0.495233,3.210418,0.E+000;              0000253P0000138
110,0.495233,3.210418,0.E+000,0.495233,3.210418,6.;              0000255P0000139
110,0.495233,3.210418,6.,0.495233,3.4,6.;                        0000257P0000140
110,0.495233,3.4,6.,0.495233,3.4,5.9;                            0000259P0000141
110,0.495233,3.4,5.9,0.495233,3.5,5.9;                           0000261P0000142
110,0.495233,3.5,5.9,0.495233,3.5,0.E+000;                       0000263P0000143
144,267,1,0,269;                                                 0000265P0000144
108,0.E+000,1.,0.E+000,3.5,0,0.495233,3.5,0.E+000,0.E+000;       0000267P0000145
142,0,267,0,271,2;                                               0000269P0000146
102,4,273,275,277,279;                                           0000271P0000147
110,3.5,3.5,0.E+000,0.495233,3.5,0.E+000;                        0000273P0000148
110,0.495233,3.5,0.E+000,0.495233,3.5,5.9;                       0000275P0000149
110,0.495233,3.5,5.9,3.5,3.5,5.9;                                0000277P0000150
110,3.5,3.5,5.9,3.5,3.5,0.E+000;                                 0000279P0000151
144,283,1,0,285;                                                 0000281P0000152
108,0.E+000,-1.,0.E+000,2.5,0,2.5,-2.5,0.E+000,0.E+000;          0000283P0000153
142,0,283,0,287,2;                                               0000285P0000154
102,4,289,291,293,295;                                           0000287P0000155
110,2.5,-2.5,0.E+000,2.5,-2.5,0.8;                               0000289P0000156
110,2.5,-2.5,0.8,-2.5,-2.5,0.8;                                  0000291P0000157
110,-2.5,-2.5,0.8,-2.5,-2.5,0.E+000;                             0000293P0000158
110,-2.5,-2.5,0.E+000,2.5,-2.5,0.E+000;                          0000295P0000159
144,299,1,0,301;                                                 0000297P0000160
108,1.,0.E+000,0.E+000,2.5,0,2.5,2.5,0.E+000,0.E+000;            0000299P0000161
142,0,299,0,303,2;                                               0000301P0000162
102,4,305,307,309,311;                                           0000303P0000163
110,2.5,2.5,0.E+000,2.5,2.5,0.8;                                 0000305P0000164
110,2.5,2.5,0.8,2.5,-2.5,0.8;                                    0000307P0000165
110,2.5,-2.5,0.8,2.5,-2.5,0.E+000;                               0000309P0000166
110,2.5,-2.5,0.E+000,2.5,2.5,0.E+000;                            0000311P0000167
144,315,1,0,317;                                                 0000313P0000168
108,0.E+000,1.,0.E+000,2.5,0,-2.5,2.5,0.E+000,0.E+000;           0000315P0000169
142,0,315,0,319,2;                                               0000317P0000170
102,4,321,323,325,327;                                           0000319P0000171
110,-2.5,2.5,0.E+000,-2.5,2.5,0.8;                               0000321P0000172
110,-2.5,2.5,0.8,2.5,2.5,0.8;                                    0000323P0000173
110,2.5,2.5,0.8,2.5,2.5,0.E+000;                                 0000325P0000174
110,2.5,2.5,0.E+000,-2.5,2.5,0.E+000;                            0000327P0000175
144,331,1,0,333;                                                 0000329P0000176
108,-1.,0.E+000,0.E+000,2.5,0,-2.5,-2.5,0.E+000,0.E+000;         0000331P0000177
142,0,331,0,335,2;                                               0000333P0000178
102,4,337,339,341,343;                                           0000335P0000179
110,-2.5,-2.5,0.E+000,-2.5,-2.5,0.8;                             0000337P0000180
110,-2.5,-2.5,0.8,-2.5,2.5,0.8;                                  0000339P0000181
110,-2.5,2.5,0.8,-2.5,2.5,0.E+000;                               0000341P0000182
110,-2.5,2.5,0.E+000,-2.5,-2.5,0.E+000;                          0000343P0000183
144,347,1,0,349;                                                 0000345P0000184
108,0.E+000,1.,0.E+000,3.4,0,-3.4,3.4,5.9,0.E+000;               0000347P0000185
142,0,347,0,351,2;                                               0000349P0000186
102,4,353,355,357,359;                                           0000351P0000187
110,-0.507091,3.4,5.9,-3.4,3.4,5.9;                              0000353P0000188
110,-3.4,3.4,5.9,-3.4,3.4,6.;                                    0000355P0000189
110,-3.4,3.4,6.,-0.507091,3.4,6.;                                0000357P0000190
110,-0.507091,3.4,6.,-0.507091,3.4,5.9;                          0000359P0000191
144,363,1,0,365;                                                 0000361P0000192
108,-1.,0.E+000,0.E+000,3.4,0,-3.4,-3.4,5.9,0.E+000;             0000363P0000193
142,0,363,0,367,2;                                               0000365P0000194
102,4,369,371,373,375;                                           0000367P0000195
110,-3.4,3.4,5.9,-3.4,-3.4,5.9;                                  0000369P0000196
110,-3.4,-3.4,5.9,-3.4,-3.4,6.;                                  0000371P0000197
110,-3.4,-3.4,6.,-3.4,3.4,6.;                                    0000373P0000198
110,-3.4,3.4,6.,-3.4,3.4,5.9;                                    0000375P0000199
144,379,1,0,381;                                                 0000377P0000200
108,0.E+000,-1.,0.E+000,3.4,0,3.4,-3.4,5.9,0.E+000;              0000379P0000201
142,0,379,0,383,2;                                               0000381P0000202
102,4,385,387,389,391;                                           0000383P0000203
110,-3.4,-3.4,5.9,-0.495209,-3.4,5.9;                            0000385P0000204
110,-0.495209,-3.4,5.9,-0.495209,-3.4,6.;                        0000387P0000205
110,-0.495209,-3.4,6.,-3.4,-3.4,6.;                              0000389P0000206
110,-3.4,-3.4,6.,-3.4,-3.4,5.9;                                  0000391P0000207
144,395,1,1,397,409;                                             0000393P0000208
108,0.E+000,0.E+000,1.,6.,0,-0.495209,-3.5,6.,0.E+000;           0000395P0000209
142,0,395,0,399,2;                                               0000397P0000210
102,4,401,403,405,407;                                           0000399P0000211
110,2.5,-2.5,6.,-2.5,-2.5,6.;                                    0000401P0000212
110,-2.5,-2.5,6.,-2.5,2.5,6.;                                    0000403P0000213
110,-2.5,2.5,6.,2.5,2.5,6.;                                      0000405P0000214
110,2.5,2.5,6.,2.5,-2.5,6.;                                      0000407P0000215
142,0,395,0,411,2;                                               0000409P0000216
102,12,413,415,417,419,421,423,425,427,429,431,433,435;          0000411P0000217
110,-3.4,-3.4,6.,-0.495209,-3.4,6.;                              0000413P0000218
110,-0.495209,-3.4,6.,-0.495209,-3.210418,6.;                    0000415P0000219
110,-0.495209,-3.210418,6.,0.50057,-3.210418,6.;                 0000417P0000220
110,0.50057,-3.210418,6.,0.50057,-3.4,6.;                        0000419P0000221
110,0.50057,-3.4,6.,3.4,-3.4,6.;                                 0000421P0000222
110,3.4,-3.4,6.,3.4,3.4,6.;                                      0000423P0000223
110,3.4,3.4,6.,0.495233,3.4,6.;                                  0000425P0000224
110,0.495233,3.4,6.,0.495233,3.210418,6.;                        0000427P0000225
110,0.495233,3.210418,6.,-0.507091,3.210418,6.;                  0000429P0000226
110,-0.507091,3.210418,6.,-0.507091,3.4,6.;                      0000431P0000227
110,-0.507091,3.4,6.,-3.4,3.4,6.;                                0000433P0000228
110,-3.4,3.4,6.,-3.4,-3.4,6.;                                    0000435P0000229
144,439,1,0,441;                                                 0000437P0000230
108,0.E+000,0.E+000,1.,5.9,0,-3.5,3.5,5.9,0.E+000;               0000439P0000231
142,0,439,0,443,2;                                               0000441P0000232
102,8,445,447,449,451,453,455,457,459;                           0000443P0000233
110,3.5,3.5,5.9,0.495233,3.5,5.9;                                0000445P0000234
110,0.495233,3.5,5.9,0.495233,3.4,5.9;                           0000447P0000235
110,0.495233,3.4,5.9,3.4,3.4,5.9;                                0000449P0000236
110,3.4,3.4,5.9,3.4,-3.4,5.9;                                    0000451P0000237
110,3.4,-3.4,5.9,0.50057,-3.4,5.9;                               0000453P0000238
110,0.50057,-3.4,5.9,0.50057,-3.5,5.9;                           0000455P0000239
110,0.50057,-3.5,5.9,3.5,-3.5,5.9;                               0000457P0000240
110,3.5,-3.5,5.9,3.5,3.5,5.9;                                    0000459P0000241
144,463,1,0,465;                                                 0000461P0000242
108,0.E+000,-1.,0.E+000,3.4,0,3.4,-3.4,5.9,0.E+000;              0000463P0000243
142,0,463,0,467,2;                                               0000465P0000244
102,4,469,471,473,475;                                           0000467P0000245
110,0.50057,-3.4,5.9,3.4,-3.4,5.9;                               0000469P0000246
110,3.4,-3.4,5.9,3.4,-3.4,6.;                                    0000471P0000247
110,3.4,-3.4,6.,0.50057,-3.4,6.;                                 0000473P0000248
110,0.50057,-3.4,6.,0.50057,-3.4,5.9;                            0000475P0000249
144,479,1,0,481;                                                 0000477P0000250
108,0.E+000,1.,0.E+000,3.4,0,-3.4,3.4,5.9,0.E+000;               0000479P0000251
142,0,479,0,483,2;                                               0000481P0000252
102,4,485,487,489,491;                                           0000483P0000253
110,3.4,3.4,5.9,0.495233,3.4,5.9;                                0000485P0000254
110,0.495233,3.4,5.9,0.495233,3.4,6.;                            0000487P0000255
110,0.495233,3.4,6.,3.4,3.4,6.;                                  0000489P0000256
110,3.4,3.4,6.,3.4,3.4,5.9;                                      0000491P0000257
144,495,1,4,497,509,521,533,545;                                 0000493P0000258
108,0.E+000,0.E+000,1.,0.8,0,-2.5,2.5,0.8,0.E+000;               0000495P0000259
142,0,495,0,499,2;                                               0000497P0000260
102,4,501,503,505,507;                                           0000499P0000261
110,2.5,2.5,0.8,-2.5,2.5,0.8;                                    0000501P0000262
110,-2.5,2.5,0.8,-2.5,-2.5,0.8;                                  0000503P0000263
110,-2.5,-2.5,0.8,2.5,-2.5,0.8;                                  0000505P0000264
110,2.5,-2.5,0.8,2.5,2.5,0.8;                                    0000507P0000265
142,0,495,0,511,2;                                               0000509P0000266
102,4,513,515,517,519;                                           0000511P0000267
110,-1.,1.54,0.8,-1.,1.04,0.8;                                   0000513P0000268
110,-1.,1.04,0.8,-1.5,1.04,0.8;                                  0000515P0000269
110,-1.5,1.04,0.8,-1.5,1.54,0.8;                                 0000517P0000270
110,-1.5,1.54,0.8,-1.,1.54,0.8;                                  0000519P0000271
142,0,495,0,523,2;                                               0000521P0000272
102,4,525,527,529,531;                                           0000523P0000273
110,1.54,1.54,0.8,1.54,1.04,0.8;                                 0000525P0000274
110,1.54,1.04,0.8,1.04,1.04,0.8;                                 0000527P0000275
110,1.04,1.04,0.8,1.04,1.54,0.8;                                 0000529P0000276
110,1.04,1.54,0.8,1.54,1.54,0.8;                                 0000531P0000277
142,0,495,0,535,2;                                               0000533P0000278
102,4,537,539,541,543;                                           0000535P0000279
110,-1.5,-1.,0.8,-1.,-1.,0.8;                                    0000537P0000280
110,-1.,-1.,0.8,-1.,-1.5,0.8;                                    0000539P0000281
110,-1.,-1.5,0.8,-1.5,-1.5,0.8;                                  0000541P0000282
110,-1.5,-1.5,0.8,-1.5,-1.,0.8;                                  0000543P0000283
142,0,495,0,547,2;                                               0000545P0000284
102,4,549,551,553,555;                                           0000547P0000285
110,1.54,-1.,0.8,1.54,-1.5,0.8;                                  0000549P0000286
110,1.54,-1.5,0.8,1.04,-1.5,0.8;                                 0000551P0000287
110,1.04,-1.5,0.8,1.04,-1.,0.8;                                  0000553P0000288
110,1.04,-1.,0.8,1.54,-1.,0.8;                                   0000555P0000289
144,559,1,0,561;                                                 0000557P0000290
108,1.,0.E+000,0.E+000,3.4,0,3.4,3.4,5.9,0.E+000;                0000559P0000291
142,0,559,0,563,2;                                               0000561P0000292
102,4,565,567,569,571;                                           0000563P0000293
110,3.4,-3.4,5.9,3.4,3.4,5.9;                                    0000565P0000294
110,3.4,3.4,5.9,3.4,3.4,6.;                                      0000567P0000295
110,3.4,3.4,6.,3.4,-3.4,6.;                                      0000569P0000296
110,3.4,-3.4,6.,3.4,-3.4,5.9;                                    0000571P0000297
144,575,1,0,577;                                                 0000573P0000298
108,0.E+000,-1.,0.E+000,2.5,0,2.5,-2.5,5.2,0.E+000;              0000575P0000299
142,0,575,0,579,2;                                               0000577P0000300
102,4,581,583,585,587;                                           0000579P0000301
110,2.5,-2.5,5.2,2.5,-2.5,6.;                                    0000581P0000302
110,2.5,-2.5,6.,-2.5,-2.5,6.;                                    0000583P0000303
110,-2.5,-2.5,6.,-2.5,-2.5,5.2;                                  0000585P0000304
110,-2.5,-2.5,5.2,2.5,-2.5,5.2;                                  0000587P0000305
144,591,1,0,593;                                                 0000589P0000306
108,1.,0.E+000,0.E+000,2.5,0,2.5,2.5,5.2,0.E+000;                0000591P0000307
142,0,591,0,595,2;                                               0000593P0000308
102,4,597,599,601,603;                                           0000595P0000309
110,2.5,2.5,5.2,2.5,2.5,6.;                                      0000597P0000310
110,2.5,2.5,6.,2.5,-2.5,6.;                                      0000599P0000311
110,2.5,-2.5,6.,2.5,-2.5,5.2;                                    0000601P0000312
110,2.5,-2.5,5.2,2.5,2.5,5.2;                                    0000603P0000313
144,607,1,0,609;                                                 0000605P0000314
108,-1.,0.E+000,0.E+000,2.5,0,-2.5,-2.5,5.2,0.E+000;             0000607P0000315
142,0,607,0,611,2;                                               0000609P0000316
102,4,613,615,617,619;                                           0000611P0000317
110,-2.5,-2.5,5.2,-2.5,-2.5,6.;                                  0000613P0000318
110,-2.5,-2.5,6.,-2.5,2.5,6.;                                    0000615P0000319
110,-2.5,2.5,6.,-2.5,2.5,5.2;                                    0000617P0000320
110,-2.5,2.5,5.2,-2.5,-2.5,5.2;                                  0000619P0000321
144,623,1,0,625;                                                 0000621P0000322
108,0.E+000,1.,0.E+000,2.5,0,-2.5,2.5,5.2,0.E+000;               0000623P0000323
142,0,623,0,627,2;                                               0000625P0000324
102,4,629,631,633,635;                                           0000627P0000325
110,-2.5,2.5,5.2,-2.5,2.5,6.;                                    0000629P0000326
110,-2.5,2.5,6.,2.5,2.5,6.;                                      0000631P0000327
110,2.5,2.5,6.,2.5,2.5,5.2;                                      0000633P0000328
110,2.5,2.5,5.2,-2.5,2.5,5.2;                                    0000635P0000329
144,639,1,0,641;                                                 0000637P0000330
108,1.,0.E+000,0.E+000,-1.,0,-1.,1.04,-5.,0.E+000;               0000639P0000331
142,0,639,0,643,2;                                               0000641P0000332
102,4,645,647,649,651;                                           0000643P0000333
110,-1.,1.04,0.8,-1.,1.04,-4.9;                                  0000645P0000334
110,-1.,1.04,-4.9,-1.,1.54,-4.9;                                 0000647P0000335
110,-1.,1.54,-4.9,-1.,1.54,0.8;                                  0000649P0000336
110,-1.,1.54,0.8,-1.,1.04,0.8;                                   0000651P0000337
144,655,1,0,657;                                                 0000653P0000338
108,0.E+000,1.,0.E+000,1.54,0,-1.5,1.54,-5.,0.E+000;             0000655P0000339
142,0,655,0,659,2;                                               0000657P0000340
102,4,661,663,665,667;                                           0000659P0000341
110,-1.,1.54,0.8,-1.,1.54,-4.9;                                  0000661P0000342
110,-1.,1.54,-4.9,-1.5,1.54,-4.9;                                0000663P0000343
110,-1.5,1.54,-4.9,-1.5,1.54,0.8;                                0000665P0000344
110,-1.5,1.54,0.8,-1.,1.54,0.8;                                  0000667P0000345
144,671,1,0,673;                                                 0000669P0000346
108,1.,0.E+000,0.E+000,-1.5,0,-1.5,1.04,-5.,0.E+000;             0000671P0000347
142,0,671,0,675,2;                                               0000673P0000348
102,4,677,679,681,683;                                           0000675P0000349
110,-1.5,1.04,0.8,-1.5,1.04,-4.9;                                0000677P0000350
110,-1.5,1.04,-4.9,-1.5,1.54,-4.9;                               0000679P0000351
110,-1.5,1.54,-4.9,-1.5,1.54,0.8;                                0000681P0000352
110,-1.5,1.54,0.8,-1.5,1.04,0.8;                                 0000683P0000353
144,687,1,0,689;                                                 0000685P0000354
108,0.E+000,1.,0.E+000,1.04,0,-1.5,1.04,-5.,0.E+000;             0000687P0000355
142,0,687,0,691,2;                                               0000689P0000356
102,4,693,695,697,699;                                           0000691P0000357
110,-1.,1.04,0.8,-1.,1.04,-4.9;                                  0000693P0000358
110,-1.,1.04,-4.9,-1.5,1.04,-4.9;                                0000695P0000359
110,-1.5,1.04,-4.9,-1.5,1.04,0.8;                                0000697P0000360
110,-1.5,1.04,0.8,-1.,1.04,0.8;                                  0000699P0000361
144,703,1,0,705;                                                 0000701P0000362
108,1.,0.E+000,0.E+000,1.54,0,1.54,1.04,-5.,0.E+000;             0000703P0000363
142,0,703,0,707,2;                                               0000705P0000364
102,4,709,711,713,715;                                           0000707P0000365
110,1.54,1.04,0.8,1.54,1.04,-4.9;                                0000709P0000366
110,1.54,1.04,-4.9,1.54,1.54,-4.9;                               0000711P0000367
110,1.54,1.54,-4.9,1.54,1.54,0.8;                                0000713P0000368
110,1.54,1.54,0.8,1.54,1.04,0.8;                                 0000715P0000369
144,719,1,0,721;                                                 0000717P0000370
108,0.E+000,1.,0.E+000,1.54,0,1.04,1.54,-5.,0.E+000;             0000719P0000371
142,0,719,0,723,2;                                               0000721P0000372
102,4,725,727,729,731;                                           0000723P0000373
110,1.54,1.54,0.8,1.54,1.54,-4.9;                                0000725P0000374
110,1.54,1.54,-4.9,1.04,1.54,-4.9;                               0000727P0000375
110,1.04,1.54,-4.9,1.04,1.54,0.8;                                0000729P0000376
110,1.04,1.54,0.8,1.54,1.54,0.8;                                 0000731P0000377
144,735,1,0,737;                                                 0000733P0000378
108,1.,0.E+000,0.E+000,1.04,0,1.04,1.04,-5.,0.E+000;             0000735P0000379
142,0,735,0,739,2;                                               0000737P0000380
102,4,741,743,745,747;                                           0000739P0000381
110,1.04,1.04,0.8,1.04,1.04,-4.9;                                0000741P0000382
110,1.04,1.04,-4.9,1.04,1.54,-4.9;                               0000743P0000383
110,1.04,1.54,-4.9,1.04,1.54,0.8;                                0000745P0000384
110,1.04,1.54,0.8,1.04,1.04,0.8;                                 0000747P0000385
144,751,1,0,753;                                                 0000749P0000386
108,0.E+000,1.,0.E+000,1.04,0,1.04,1.04,-5.,0.E+000;             0000751P0000387
142,0,751,0,755,2;                                               0000753P0000388
102,4,757,759,761,763;                                           0000755P0000389
110,1.54,1.04,0.8,1.54,1.04,-4.9;                                0000757P0000390
110,1.54,1.04,-4.9,1.04,1.04,-4.9;                               0000759P0000391
110,1.04,1.04,-4.9,1.04,1.04,0.8;                                0000761P0000392
110,1.04,1.04,0.8,1.54,1.04,0.8;                                 0000763P0000393
144,767,1,0,769;                                                 0000765P0000394
108,0.E+000,1.,0.E+000,-1.,0,-1.5,-1.,-5.,0.E+000;               0000767P0000395
142,0,767,0,771,2;                                               0000769P0000396
102,4,773,775,777,779;                                           0000771P0000397
110,-1.,-1.,0.8,-1.,-1.,-4.9;                                    0000773P0000398
110,-1.,-1.,-4.9,-1.5,-1.,-4.9;                                  0000775P0000399
110,-1.5,-1.,-4.9,-1.5,-1.,0.8;                                  0000777P0000400
110,-1.5,-1.,0.8,-1.,-1.,0.8;                                    0000779P0000401
144,783,1,0,785;                                                 0000781P0000402
108,1.,0.E+000,0.E+000,-1.5,0,-1.5,-1.5,-5.,0.E+000;             0000783P0000403
142,0,783,0,787,2;                                               0000785P0000404
102,4,789,791,793,795;                                           0000787P0000405
110,-1.5,-1.5,0.8,-1.5,-1.5,-4.9;                                0000789P0000406
110,-1.5,-1.5,-4.9,-1.5,-1.,-4.9;                                0000791P0000407
110,-1.5,-1.,-4.9,-1.5,-1.,0.8;                                  0000793P0000408
110,-1.5,-1.,0.8,-1.5,-1.5,0.8;                                  0000795P0000409
144,799,1,0,801;                                                 0000797P0000410
108,0.E+000,1.,0.E+000,-1.5,0,-1.5,-1.5,-5.,0.E+000;             0000799P0000411
142,0,799,0,803,2;                                               0000801P0000412
102,4,805,807,809,811;                                           0000803P0000413
110,-1.,-1.5,0.8,-1.,-1.5,-4.9;                                  0000805P0000414
110,-1.,-1.5,-4.9,-1.5,-1.5,-4.9;                                0000807P0000415
110,-1.5,-1.5,-4.9,-1.5,-1.5,0.8;                                0000809P0000416
110,-1.5,-1.5,0.8,-1.,-1.5,0.8;                                  0000811P0000417
144,815,1,0,817;                                                 0000813P0000418
108,1.,0.E+000,0.E+000,-1.,0,-1.,-1.5,-5.,0.E+000;               0000815P0000419
142,0,815,0,819,2;                                               0000817P0000420
102,4,821,823,825,827;                                           0000819P0000421
110,-1.,-1.5,0.8,-1.,-1.5,-4.9;                                  0000821P0000422
110,-1.,-1.5,-4.9,-1.,-1.,-4.9;                                  0000823P0000423
110,-1.,-1.,-4.9,-1.,-1.,0.8;                                    0000825P0000424
110,-1.,-1.,0.8,-1.,-1.5,0.8;                                    0000827P0000425
144,831,1,0,833;                                                 0000829P0000426
108,1.,0.E+000,0.E+000,1.54,0,1.54,-1.5,-5.,0.E+000;             0000831P0000427
142,0,831,0,835,2;                                               0000833P0000428
102,4,837,839,841,843;                                           0000835P0000429
110,1.54,-1.5,0.8,1.54,-1.5,-4.9;                                0000837P0000430
110,1.54,-1.5,-4.9,1.54,-1.,-4.9;                                0000839P0000431
110,1.54,-1.,-4.9,1.54,-1.,0.8;                                  0000841P0000432
110,1.54,-1.,0.8,1.54,-1.5,0.8;                                  0000843P0000433
144,847,1,0,849;                                                 0000845P0000434
108,0.E+000,1.,0.E+000,-1.,0,1.04,-1.,-5.,0.E+000;               0000847P0000435
142,0,847,0,851,2;                                               0000849P0000436
102,4,853,855,857,859;                                           0000851P0000437
110,1.54,-1.,0.8,1.54,-1.,-4.9;                                  0000853P0000438
110,1.54,-1.,-4.9,1.04,-1.,-4.9;                                 0000855P0000439
110,1.04,-1.,-4.9,1.04,-1.,0.8;                                  0000857P0000440
110,1.04,-1.,0.8,1.54,-1.,0.8;                                   0000859P0000441
144,863,1,0,865;                                                 0000861P0000442
108,1.,0.E+000,0.E+000,1.04,0,1.04,-1.5,-5.,0.E+000;             0000863P0000443
142,0,863,0,867,2;                                               0000865P0000444
102,4,869,871,873,875;                                           0000867P0000445
110,1.04,-1.5,0.8,1.04,-1.5,-4.9;                                0000869P0000446
110,1.04,-1.5,-4.9,1.04,-1.,-4.9;                                0000871P0000447
110,1.04,-1.,-4.9,1.04,-1.,0.8;                                  0000873P0000448
110,1.04,-1.,0.8,1.04,-1.5,0.8;                                  0000875P0000449
144,879,1,0,881;                                                 0000877P0000450
108,0.E+000,1.,0.E+000,-1.5,0,1.04,-1.5,-5.,0.E+000;             0000879P0000451
142,0,879,0,883,2;                                               0000881P0000452
102,4,885,887,889,891;                                           0000883P0000453
110,1.54,-1.5,0.8,1.54,-1.5,-4.9;                                0000885P0000454
110,1.54,-1.5,-4.9,1.04,-1.5,-4.9;                               0000887P0000455
110,1.04,-1.5,-4.9,1.04,-1.5,0.8;                                0000889P0000456
110,1.04,-1.5,0.8,1.54,-1.5,0.8;                                 0000891P0000457
144,895,1,2,897,909,915;                                         0000893P0000458
108,0.E+000,0.E+000,1.,5.2,0,-2.5,2.5,5.2,0.E+000;               0000895P0000459
142,0,895,0,899,2;                                               0000897P0000460
102,4,901,903,905,907;                                           0000899P0000461
110,2.5,2.5,5.2,-2.5,2.5,5.2;                                    0000901P0000462
110,-2.5,2.5,5.2,-2.5,-2.5,5.2;                                  0000903P0000463
110,-2.5,-2.5,5.2,2.5,-2.5,5.2;                                  0000905P0000464
110,2.5,-2.5,5.2,2.5,2.5,5.2;                                    0000907P0000465
142,0,895,0,911,2;                                               0000909P0000466
100,0.E+000,0.E+000,0.E+000,0.9,0.E+000,0.9,0.E+000;             0000911P0000467
124,1.,0.E+000,0.E+000,-4.514E-003,0.E+000,-1.,0.E+000,          0000913P0000468
1.367053678,0.E+000,0.E+000,-1.,5.2;                             0000913P0000469
142,0,895,0,917,2;                                               0000915P0000470
100,0.E+000,0.E+000,0.E+000,0.9,0.E+000,0.9,0.E+000;             0000917P0000471
124,1.,0.E+000,0.E+000,0.E+000,0.E+000,-1.,0.E+000,-1.432946322, 0000919P0000472
0.E+000,0.E+000,-1.,5.2;                                         0000919P0000473
144,923,1,0,925;                                                 0000921P0000474
108,-0.707106781,0.E+000,0.707106781,-2.757716447,0,-1.05,1.04,  0000923P0000475
-4.95,0.E+000;                                                   0000923P0000476
142,0,923,0,927,2;                                               0000925P0000477
102,4,929,931,933,935;                                           0000927P0000478
110,-1.1,1.14,-5.,-1.,1.04,-4.9;                                 0000929P0000479
110,-1.,1.04,-4.9,-1.,1.54,-4.9;                                 0000931P0000480
110,-1.,1.54,-4.9,-1.1,1.44,-5.;                                 0000933P0000481
110,-1.1,1.44,-5.,-1.1,1.14,-5.;                                 0000935P0000482
144,939,1,0,941;                                                 0000937P0000483
108,0.E+000,-0.707106781,0.707106781,-4.553767671,0,-1.5,1.49,   0000939P0000484
-4.95,0.E+000;                                                   0000939P0000485
142,0,939,0,943,2;                                               0000941P0000486
102,4,945,947,949,951;                                           0000943P0000487
110,-1.1,1.44,-5.,-1.,1.54,-4.9;                                 0000945P0000488
110,-1.,1.54,-4.9,-1.5,1.54,-4.9;                                0000947P0000489
110,-1.5,1.54,-4.9,-1.4,1.44,-5.;                                0000949P0000490
110,-1.4,1.44,-5.,-1.1,1.44,-5.;                                 0000951P0000491
144,955,1,0,957;                                                 0000953P0000492
108,-0.707106781,0.E+000,-0.707106781,4.5254834,0,-1.45,1.04,    0000955P0000493
-4.95,0.E+000;                                                   0000955P0000494
142,0,955,0,959,2;                                               0000957P0000495
102,4,961,963,965,967;                                           0000959P0000496
110,-1.4,1.14,-5.,-1.5,1.04,-4.9;                                0000961P0000497
110,-1.5,1.04,-4.9,-1.5,1.54,-4.9;                               0000963P0000498
110,-1.5,1.54,-4.9,-1.4,1.44,-5.;                                0000965P0000499
110,-1.4,1.44,-5.,-1.4,1.14,-5.;                                 0000967P0000500
144,971,1,0,973;                                                 0000969P0000501
108,0.E+000,-0.707106781,-0.707106781,2.729432175,0,-1.5,1.09,   0000971P0000502
-4.95,0.E+000;                                                   0000971P0000503
142,0,971,0,975,2;                                               0000973P0000504
102,4,977,979,981,983;                                           0000975P0000505
110,-1.1,1.14,-5.,-1.,1.04,-4.9;                                 0000977P0000506
110,-1.,1.04,-4.9,-1.5,1.04,-4.9;                                0000979P0000507
110,-1.5,1.04,-4.9,-1.4,1.14,-5.;                                0000981P0000508
110,-1.4,1.14,-5.,-1.1,1.14,-5.;                                 0000983P0000509
144,987,1,0,989;                                                 0000985P0000510
108,-0.707106781,0.E+000,0.707106781,-4.553767671,0,1.49,1.04,   0000987P0000511
-4.95,0.E+000;                                                   0000987P0000512
142,0,987,0,991,2;                                               0000989P0000513
102,4,993,995,997,999;                                           0000991P0000514
110,1.44,1.14,-5.,1.54,1.04,-4.9;                                0000993P0000515
110,1.54,1.04,-4.9,1.54,1.54,-4.9;                               0000995P0000516
110,1.54,1.54,-4.9,1.44,1.44,-5.;                                0000997P0000517
110,1.44,1.44,-5.,1.44,1.14,-5.;                                 0000999P0000518
144,1003,1,0,1005;                                               0001001P0000519
108,0.E+000,-0.707106781,0.707106781,-4.553767671,0,1.04,1.49,   0001003P0000520
-4.95,0.E+000;                                                   0001003P0000521
142,0,1003,0,1007,2;                                             0001005P0000522
102,4,1009,1011,1013,1015;                                       0001007P0000523
110,1.44,1.44,-5.,1.54,1.54,-4.9;                                0001009P0000524
110,1.54,1.54,-4.9,1.04,1.54,-4.9;                               0001011P0000525
110,1.04,1.54,-4.9,1.14,1.44,-5.;                                0001013P0000526
110,1.14,1.44,-5.,1.44,1.44,-5.;                                 0001015P0000527
144,1019,1,0,1021;                                               0001017P0000528
108,-0.707106781,0.E+000,-0.707106781,2.729432175,0,1.09,1.04,   0001019P0000529
-4.95,0.E+000;                                                   0001019P0000530
142,0,1019,0,1023,2;                                             0001021P0000531
102,4,1025,1027,1029,1031;                                       0001023P0000532
110,1.14,1.14,-5.,1.04,1.04,-4.9;                                0001025P0000533
110,1.04,1.04,-4.9,1.04,1.54,-4.9;                               0001027P0000534
110,1.04,1.54,-4.9,1.14,1.44,-5.;                                0001029P0000535
110,1.14,1.44,-5.,1.14,1.14,-5.;                                 0001031P0000536
144,1035,1,0,1037;                                               0001033P0000537
108,0.E+000,-0.707106781,-0.707106781,2.729432175,0,1.04,1.09,   0001035P0000538
-4.95,0.E+000;                                                   0001035P0000539
142,0,1035,0,1039,2;                                             0001037P0000540
102,4,1041,1043,1045,1047;                                       0001039P0000541
110,1.44,1.14,-5.,1.54,1.04,-4.9;                                0001041P0000542
110,1.54,1.04,-4.9,1.04,1.04,-4.9;                               0001043P0000543
110,1.04,1.04,-4.9,1.14,1.14,-5.;                                0001045P0000544
110,1.14,1.14,-5.,1.44,1.14,-5.;                                 0001047P0000545
144,1051,1,0,1053;                                               0001049P0000546
108,0.E+000,-0.707106781,0.707106781,-2.757716447,0,-1.5,-1.05,  0001051P0000547
-4.95,0.E+000;                                                   0001051P0000548
142,0,1051,0,1055,2;                                             0001053P0000549
102,4,1057,1059,1061,1063;                                       0001055P0000550
110,-1.1,-1.1,-5.,-1.,-1.,-4.9;                                  0001057P0000551
110,-1.,-1.,-4.9,-1.5,-1.,-4.9;                                  0001059P0000552
110,-1.5,-1.,-4.9,-1.4,-1.1,-5.;                                 0001061P0000553
110,-1.4,-1.1,-5.,-1.1,-1.1,-5.;                                 0001063P0000554
144,1067,1,0,1069;                                               0001065P0000555
108,-0.707106781,0.E+000,-0.707106781,4.5254834,0,-1.45,-1.5,    0001067P0000556
-4.95,0.E+000;                                                   0001067P0000557
142,0,1067,0,1071,2;                                             0001069P0000558
102,4,1073,1075,1077,1079;                                       0001071P0000559
110,-1.4,-1.4,-5.,-1.5,-1.5,-4.9;                                0001073P0000560
110,-1.5,-1.5,-4.9,-1.5,-1.,-4.9;                                0001075P0000561
110,-1.5,-1.,-4.9,-1.4,-1.1,-5.;                                 0001077P0000562
110,-1.4,-1.1,-5.,-1.4,-1.4,-5.;                                 0001079P0000563
144,1083,1,0,1085;                                               0001081P0000564
108,0.E+000,-0.707106781,-0.707106781,4.5254834,0,-1.5,-1.45,    0001083P0000565
-4.95,0.E+000;                                                   0001083P0000566
142,0,1083,0,1087,2;                                             0001085P0000567
102,4,1089,1091,1093,1095;                                       0001087P0000568
110,-1.1,-1.4,-5.,-1.,-1.5,-4.9;                                 0001089P0000569
110,-1.,-1.5,-4.9,-1.5,-1.5,-4.9;                                0001091P0000570
110,-1.5,-1.5,-4.9,-1.4,-1.4,-5.;                                0001093P0000571
110,-1.4,-1.4,-5.,-1.1,-1.4,-5.;                                 0001095P0000572
144,1099,1,0,1101;                                               0001097P0000573
108,-0.707106781,0.E+000,0.707106781,-2.757716447,0,-1.05,-1.5,  0001099P0000574
-4.95,0.E+000;                                                   0001099P0000575
142,0,1099,0,1103,2;                                             0001101P0000576
102,4,1105,1107,1109,1111;                                       0001103P0000577
110,-1.1,-1.4,-5.,-1.,-1.5,-4.9;                                 0001105P0000578
110,-1.,-1.5,-4.9,-1.,-1.,-4.9;                                  0001107P0000579
110,-1.,-1.,-4.9,-1.1,-1.1,-5.;                                  0001109P0000580
110,-1.1,-1.1,-5.,-1.1,-1.4,-5.;                                 0001111P0000581
144,1115,1,0,1117;                                               0001113P0000582
108,-0.707106781,0.E+000,0.707106781,-4.553767671,0,1.49,-1.5,   0001115P0000583
-4.95,0.E+000;                                                   0001115P0000584
142,0,1115,0,1119,2;                                             0001117P0000585
102,4,1121,1123,1125,1127;                                       0001119P0000586
110,1.44,-1.4,-5.,1.54,-1.5,-4.9;                                0001121P0000587
110,1.54,-1.5,-4.9,1.54,-1.,-4.9;                                0001123P0000588
110,1.54,-1.,-4.9,1.44,-1.1,-5.;                                 0001125P0000589
110,1.44,-1.1,-5.,1.44,-1.4,-5.;                                 0001127P0000590
144,1131,1,0,1133;                                               0001129P0000591
108,0.E+000,-0.707106781,0.707106781,-2.757716447,0,1.04,-1.05,  0001131P0000592
-4.95,0.E+000;                                                   0001131P0000593
142,0,1131,0,1135,2;                                             0001133P0000594
102,4,1137,1139,1141,1143;                                       0001135P0000595
110,1.44,-1.1,-5.,1.54,-1.,-4.9;                                 0001137P0000596
110,1.54,-1.,-4.9,1.04,-1.,-4.9;                                 0001139P0000597
110,1.04,-1.,-4.9,1.14,-1.1,-5.;                                 0001141P0000598
110,1.14,-1.1,-5.,1.44,-1.1,-5.;                                 0001143P0000599
144,1147,1,0,1149;                                               0001145P0000600
108,-0.707106781,0.E+000,-0.707106781,2.729432175,0,1.09,-1.5,   0001147P0000601
-4.95,0.E+000;                                                   0001147P0000602
142,0,1147,0,1151,2;                                             0001149P0000603
102,4,1153,1155,1157,1159;                                       0001151P0000604
110,1.14,-1.4,-5.,1.04,-1.5,-4.9;                                0001153P0000605
110,1.04,-1.5,-4.9,1.04,-1.,-4.9;                                0001155P0000606
110,1.04,-1.,-4.9,1.14,-1.1,-5.;                                 0001157P0000607
110,1.14,-1.1,-5.,1.14,-1.4,-5.;                                 0001159P0000608
144,1163,1,0,1165;                                               0001161P0000609
108,0.E+000,-0.707106781,-0.707106781,4.5254834,0,1.04,-1.45,    0001163P0000610
-4.95,0.E+000;                                                   0001163P0000611
142,0,1163,0,1167,2;                                             0001165P0000612
102,4,1169,1171,1173,1175;                                       0001167P0000613
110,1.44,-1.4,-5.,1.54,-1.5,-4.9;                                0001169P0000614
110,1.54,-1.5,-4.9,1.04,-1.5,-4.9;                               0001171P0000615
110,1.04,-1.5,-4.9,1.14,-1.4,-5.;                                0001173P0000616
110,1.14,-1.4,-5.,1.44,-1.4,-5.;                                 0001175P0000617
144,1179,1,1,1187,1189;                                          0001177P0000618
120,1183,1185,6.283185307,12.566370614;                          0001179P0000619
124,1.,0.E+000,0.E+000,-4.514E-003,0.E+000,-1.,0.E+000,          0001181P0000620
1.367053678,0.E+000,-0.E+000,-1.,4.7;                            0001181P0000621
110,0.E+000,0.E+000,1.,0.E+000,0.E+000,0.E+000;                  0001183P0000622
110,0.9,0.E+000,-0.5,0.9,0.E+000,6.639244418E-016;               0001185P0000623
142,0,1179,0,0,0;                                                0001187P0000624
142,0,1179,1191,1207,3;                                          0001189P0000625
102,7,1193,1195,1197,1199,1201,1203,1205;                        0001191P0000626
110,0.820042861,6.283185307,0.E+000,1.,6.283185307,0.E+000;      0001193P0000627
110,1.,6.283185307,0.E+000,1.,8.429263173,0.E+000;               0001195P0000628
110,1.,8.429263173,0.E+000,1.,11.57684523,0.E+000;               0001197P0000629
126,22,8,1,0,1,0,2.782527036E-006,2.782527036E-006,              0001199P0000630
2.782527036E-006,2.782527036E-006,2.782527036E-006,              0001199P0000631
2.782527036E-006,2.782527036E-006,2.782527036E-006,              0001199P0000632
2.782527036E-006,0.238958775,0.238958775,0.238958775,            0001199P0000633
0.238958775,0.238958775,0.238958775,0.238958775,0.621227046,     0001199P0000634
0.621227046,0.621227046,0.621227046,0.621227046,0.621227046,     0001199P0000635
0.621227046,1.,1.,1.,1.,1.,1.,1.,1.,1.,1.,1.,1.,1.,1.,1.,1.,1.,  0001199P0000636
1.,1.,1.,1.,1.,1.,1.,1.,1.,1.,1.,1.,1.,1.,1.,1.,11.57684523,     0001199P0000637
0.E+000,0.991412269,11.576845333,0.E+000,0.982868467,            0001199P0000638
11.581362821,0.E+000,0.974497567,11.589973733,0.E+000,           0001199P0000639
0.966393337,11.602236694,0.E+000,0.958614342,11.617692911,       0001199P0000640
0.E+000,0.951183945,11.635866175,0.E+000,0.944090303,            0001199P0000641
11.656262864,0.E+000,0.926401827,11.713740776,0.E+000,           0001199P0000642
0.916290384,11.753762377,0.E+000,0.90678388,11.797380549,        0001199P0000643
0.E+000,0.89781319,11.844033996,0.E+000,0.889317995,             0001199P0000644
11.893312435,0.E+000,0.881259852,11.945020699,0.E+000,           0001199P0000645
0.873602759,11.999102624,0.E+000,0.859098381,12.111862313,       0001199P0000646
0.E+000,0.852259974,12.170371461,0.E+000,0.845792445,            0001199P0000647
12.231254025,0.E+000,0.839713366,12.294454989,0.E+000,           0001199P0000648
0.834054949,12.359849028,0.E+000,0.828859402,12.427230836,       0001199P0000649
0.E+000,0.824174654,12.49626951,0.E+000,0.820042861,             0001199P0000650
12.566370614,0.E+000,2.782527036E-006,1.,-0.E+000,-0.E+000,1.;   0001199P0000651
110,0.820042861,12.566370614,0.E+000,2.664535259E-015,           0001201P0000652
12.566370614,0.E+000;                                            0001201P0000653
110,2.790294798E-015,12.566370614,0.E+000,0.E+000,6.283185307,   0001203P0000654
0.E+000;                                                         0001203P0000655
110,-2.220446049E-016,6.283185307,0.E+000,0.820042861,           0001205P0000656
6.283185307,0.E+000;                                             0001205P0000657
102,7,1209,1211,1215,1219,1221,1223,1227;                        0001207P0000658
110,0.895486,1.367053678,4.78997857,0.895486,1.367053678,4.7;    0001209P0000659
100,0.E+000,0.E+000,0.E+000,0.9,0.E+000,-0.489663931,            0001211P0000660
0.755135243;                                                     0001211P0000661
124,1.,0.E+000,0.E+000,-4.514E-003,0.E+000,1.,0.E+000,           0001213P0000662
1.367053678,0.E+000,0.E+000,1.,4.7;                              0001213P0000663
100,0.E+000,0.E+000,0.E+000,-0.489663931,0.755135243,            0001215P0000664
0.494177931,-0.752188921;                                        0001215P0000665
124,1.,0.E+000,0.E+000,-4.514E-003,0.E+000,1.,0.E+000,           0001217P0000666
1.367053678,0.E+000,0.E+000,1.,4.7;                              0001217P0000667
126,22,8,0,0,1,0,2.782527036E-006,2.782527036E-006,              0001219P0000668
2.782527036E-006,2.782527036E-006,2.782527036E-006,              0001219P0000669
2.782527036E-006,2.782527036E-006,2.782527036E-006,              0001219P0000670
2.782527036E-006,0.238958775,0.238958775,0.238958775,            0001219P0000671
0.238958775,0.238958775,0.238958775,0.238958775,0.621227046,     0001219P0000672
0.621227046,0.621227046,0.621227046,0.621227046,0.621227046,     0001219P0000673
0.621227046,1.,1.,1.,1.,1.,1.,1.,1.,1.,1.,1.,1.,1.,1.,1.,1.,1.,  0001219P0000674
1.,1.,1.,1.,1.,1.,1.,1.,1.,1.,1.,1.,1.,1.,1.,0.489663931,        0001219P0000675
0.614864757,4.7,0.48966401,0.614864805,4.704293866,0.493082752,  0001219P0000676
0.617059621,4.708565766,0.499559817,0.621315081,4.712751216,     0001219P0000677
0.508708398,0.627497297,4.716803331,0.520115218,0.635472617,     0001219P0000678
4.720692829,0.533340535,0.645107623,4.724408028,0.547918136,     0001219P0000679
0.656269131,4.727954849,0.588050909,0.688909075,4.736799086,     0001219P0000680
0.615183264,0.712634364,4.741854808,0.643594396,0.739821511,     0001219P0000681
4.74660806,0.672487541,0.770445978,4.751093405,0.701174519,      0001219P0000682
0.804462502,4.755341002,0.729099933,0.841875403,4.759370074,     0001219P0000683
0.755766677,0.882727618,4.76319862,0.805364439,0.971265787,      0001219P0000684
4.770450809,0.828273395,1.018789929,4.773870013,0.848861648,     0001219P0000685
1.069785759,4.777103778,0.866517844,1.124158375,4.780143317,     0001219P0000686
0.88059089,1.181657215,4.782972526,0.890431284,1.241827726,      0001219P0000687
4.785570299,0.895485994,1.303962684,4.787912673,0.895486,        0001219P0000688
1.367053678,4.78997857,2.782527036E-006,1.,-0.247569248,         0001219P0000689
4.51967355E-002,0.967815438;                                     0001219P0000690
110,0.895486,1.367053678,4.78997857,0.895486,1.367053678,5.2;    0001221P0000691
100,0.E+000,0.E+000,0.E+000,0.9,0.E+000,0.9,0.E+000;             0001223P0000692
124,1.,0.E+000,0.E+000,-4.514E-003,0.E+000,-1.,0.E+000,          0001225P0000693
1.367053678,0.E+000,0.E+000,-1.,5.2;                             0001225P0000694
110,0.895486,1.367053678,5.2,0.895486,1.367053678,4.78997857;    0001227P0000695
144,1231,1,1,1239,1277;                                          0001229P0000696
120,1235,1237,6.283185307,12.566370614;                          0001231P0000697
124,1.,0.E+000,0.E+000,0.E+000,0.E+000,-1.,0.E+000,-1.432946322, 0001233P0000698
0.E+000,-0.E+000,-1.,4.7;                                        0001233P0000699
110,0.E+000,0.E+000,1.,0.E+000,0.E+000,0.E+000;                  0001235P0000700
110,0.9,0.E+000,-0.5,0.9,0.E+000,2.318867506E-016;               0001237P0000701
142,0,1231,1241,1255,3;                                          0001239P0000702
102,6,1243,1245,1247,1249,1251,1253;                             0001241P0000703
110,1.,9.423141115,0.E+000,1.,12.566370614,0.E+000;              0001243P0000704
110,1.,12.566370614,0.E+000,2.664535259E-015,12.566370614,       0001245P0000705
0.E+000;                                                         0001245P0000706
110,2.790294798E-015,12.566370614,0.E+000,0.E+000,6.283185307,   0001247P0000707
0.E+000;                                                         0001247P0000708
110,-2.220446049E-016,6.283185307,0.E+000,1.,6.283185307,        0001249P0000709
0.E+000;                                                         0001249P0000710
110,1.,6.283185307,0.E+000,1.,6.284822153,0.E+000;               0001251P0000711
110,1.,6.284822153,0.E+000,1.,9.423141115,0.E+000;               0001253P0000712
102,6,1257,1261,1263,1267,1269,1273;                             0001255P0000713
100,0.E+000,0.E+000,0.E+000,-0.899998794,1.473160941E-003,0.9,   0001257P0000714
-2.220446049E-016;                                               0001257P0000715
124,1.,0.E+000,0.E+000,0.E+000,0.E+000,1.,0.E+000,-1.432946322,  0001259P0000716
0.E+000,0.E+000,1.,4.7;                                          0001259P0000717
110,0.9,-1.432946322,4.7,0.9,-1.432946322,5.2;                   0001261P0000718
100,0.E+000,0.E+000,0.E+000,0.9,0.E+000,0.9,0.E+000;             0001263P0000719
124,1.,0.E+000,0.E+000,0.E+000,0.E+000,-1.,0.E+000,-1.432946322, 0001265P0000720
0.E+000,0.E+000,-1.,5.2;                                         0001265P0000721
110,0.9,-1.432946322,5.2,0.9,-1.432946322,4.7;                   0001267P0000722
100,0.E+000,0.E+000,0.E+000,0.9,0.E+000,0.899998794,             0001269P0000723
1.473160941E-003;                                                0001269P0000724
124,1.,0.E+000,0.E+000,0.E+000,0.E+000,1.,0.E+000,-1.432946322,  0001271P0000725
0.E+000,0.E+000,1.,4.7;                                          0001271P0000726
100,0.E+000,0.E+000,0.E+000,0.899998794,1.473160941E-003,        0001273P0000727
-0.899998794,1.473160941E-003;                                   0001273P0000728
124,1.,0.E+000,0.E+000,0.E+000,0.E+000,1.,0.E+000,-1.432946322,  0001275P0000729
0.E+000,0.E+000,1.,4.7;                                          0001275P0000730
142,0,1231,1241,0,1;                                             0001277P0000731
144,1281,1,0,1283;                                               0001279P0000732
108,0.E+000,0.E+000,1.,-5.,0,-1.5,1.04,-5.,0.E+000;              0001281P0000733
142,0,1281,0,1285,2;                                             0001283P0000734
102,4,1287,1289,1291,1293;                                       0001285P0000735
110,-1.4,1.44,-5.,-1.4,1.14,-5.;                                 0001287P0000736
110,-1.4,1.14,-5.,-1.1,1.14,-5.;                                 0001289P0000737
110,-1.1,1.14,-5.,-1.1,1.44,-5.;                                 0001291P0000738
110,-1.1,1.44,-5.,-1.4,1.44,-5.;                                 0001293P0000739
144,1297,1,0,1299;                                               0001295P0000740
108,0.E+000,0.E+000,1.,-5.,0,1.04,1.04,-5.,0.E+000;              0001297P0000741
142,0,1297,0,1301,2;                                             0001299P0000742
102,4,1303,1305,1307,1309;                                       0001301P0000743
110,1.14,1.44,-5.,1.14,1.14,-5.;                                 0001303P0000744
110,1.14,1.14,-5.,1.44,1.14,-5.;                                 0001305P0000745
110,1.44,1.14,-5.,1.44,1.44,-5.;                                 0001307P0000746
110,1.44,1.44,-5.,1.14,1.44,-5.;                                 0001309P0000747
144,1313,1,0,1315;                                               0001311P0000748
108,0.E+000,0.E+000,1.,-5.,0,-1.5,-1.5,-5.,0.E+000;              0001313P0000749
142,0,1313,0,1317,2;                                             0001315P0000750
102,4,1319,1321,1323,1325;                                       0001317P0000751
110,-1.4,-1.1,-5.,-1.4,-1.4,-5.;                                 0001319P0000752
110,-1.4,-1.4,-5.,-1.1,-1.4,-5.;                                 0001321P0000753
110,-1.1,-1.4,-5.,-1.1,-1.1,-5.;                                 0001323P0000754
110,-1.1,-1.1,-5.,-1.4,-1.1,-5.;                                 0001325P0000755
144,1329,1,0,1331;                                               0001327P0000756
108,0.E+000,0.E+000,1.,-5.,0,1.04,-1.5,-5.,0.E+000;              0001329P0000757
142,0,1329,0,1333,2;                                             0001331P0000758
102,4,1335,1337,1339,1341;                                       0001333P0000759
110,1.14,-1.1,-5.,1.14,-1.4,-5.;                                 0001335P0000760
110,1.14,-1.4,-5.,1.44,-1.4,-5.;                                 0001337P0000761
110,1.44,-1.4,-5.,1.44,-1.1,-5.;                                 0001339P0000762
110,1.44,-1.1,-5.,1.14,-1.1,-5.;                                 0001341P0000763
144,1345,1,0,1347;                                               0001343P0000764
108,0.E+000,0.E+000,1.,4.7,0,0.E+000,1.37,4.7,0.E+000;           0001345P0000765
142,0,1345,0,1349,2;                                             0001347P0000766
102,4,1351,1355,1359,1363;                                       0001349P0000767
100,0.E+000,0.E+000,0.E+000,0.489663931,-0.755135243,0.9,        0001351P0000768
-2.220446049E-016;                                               0001351P0000769
124,1.,0.E+000,0.E+000,0.E+000,0.E+000,1.,0.E+000,1.37,0.E+000,  0001353P0000770
0.E+000,1.,4.7;                                                  0001353P0000771
100,0.E+000,0.E+000,0.E+000,0.9,0.E+000,-0.494177931,            0001355P0000772
0.752188921;                                                     0001355P0000773
124,1.,0.E+000,0.E+000,0.E+000,0.E+000,1.,0.E+000,1.37,0.E+000,  0001357P0000774
0.E+000,1.,4.7;                                                  0001357P0000775
100,0.E+000,0.E+000,0.E+000,-0.489663931,-0.755135243,0.9,       0001359P0000776
-2.220446049E-016;                                               0001359P0000777
124,1.,0.E+000,0.E+000,-4.514E-003,0.E+000,-1.,0.E+000,          0001361P0000778
1.367053678,0.E+000,0.E+000,-1.,4.7;                             0001361P0000779
100,0.E+000,0.E+000,0.E+000,0.9,0.E+000,0.494177931,0.752188921; 0001363P0000780
124,1.,0.E+000,0.E+000,-4.514E-003,0.E+000,-1.,0.E+000,          0001365P0000781
1.367053678,0.E+000,0.E+000,-1.,4.7;                             0001365P0000782
144,1369,1,0,1371;                                               0001367P0000783
108,0.E+000,0.E+000,-1.,-4.7,0,0.895486,1.367053678,4.7,0.E+000; 0001369P0000784
142,0,1369,0,1373,2;                                             0001371P0000785
102,2,1375,1379;                                                 0001373P0000786
100,0.E+000,0.E+000,0.E+000,0.494177931,0.752188921,             0001375P0000787
-0.489663931,-0.755135243;                                       0001375P0000788
124,1.,0.E+000,0.E+000,-4.514E-003,0.E+000,-1.,0.E+000,          0001377P0000789
1.367053678,0.E+000,0.E+000,-1.,4.7;                             0001377P0000790
100,0.E+000,0.E+000,0.E+000,-0.494177931,0.752188921,            0001379P0000791
0.489663931,-0.755135243;                                        0001379P0000792
124,1.,0.E+000,0.E+000,0.E+000,0.E+000,1.,0.E+000,1.37,0.E+000,  0001381P0000793
0.E+000,1.,4.7;                                                  0001381P0000794
144,1385,1,0,1393;                                               0001383P0000795
120,1389,1391,11.57684523,12.566370614;                          0001385P0000796
124,1.,0.E+000,0.E+000,-4.514E-003,0.E+000,-1.,0.E+000,          0001387P0000797
1.367053678,0.E+000,-0.E+000,-1.,4.7;                            0001387P0000798
110,0.E+000,0.E+000,1.,0.E+000,0.E+000,0.E+000;                  0001389P0000799
110,0.9,0.E+000,-8.997856962E-002,0.9,0.E+000,0.E+000;           0001391P0000800
142,0,1385,1395,1403,3;                                          0001393P0000801
102,3,1397,1399,1401;                                            0001395P0000802
110,1.,11.57684523,0.E+000,1.,12.566370614,0.E+000;              0001397P0000803
110,1.,12.566370614,0.E+000,1.04249942E-013,12.566370614,        0001399P0000804
0.E+000;                                                         0001399P0000805
126,22,8,1,0,1,0,0.E+000,0.E+000,0.E+000,0.E+000,0.E+000,        0001401P0000806
0.E+000,0.E+000,0.E+000,0.E+000,0.378772954,0.378772954,         0001401P0000807
0.378772954,0.378772954,0.378772954,0.378772954,0.378772954,     0001401P0000808
0.761041225,0.761041225,0.761041225,0.761041225,0.761041225,     0001401P0000809
0.761041225,0.761041225,0.999997217,0.999997217,0.999997217,     0001401P0000810
0.999997217,0.999997217,0.999997217,0.999997217,0.999997217,     0001401P0000811
0.999997217,1.,1.,1.,1.,1.,1.,1.,1.,1.,1.,1.,1.,1.,1.,1.,1.,1.,  0001401P0000812
1.,1.,1.,1.,1.,1.,1.550532983E-014,12.566370614,0.E+000,         0001401P0000813
2.295987258E-002,12.49626951,0.E+000,4.899244848E-002,           0001401P0000814
12.427230836,0.E+000,7.786347342E-002,12.359849028,0.E+000,      0001401P0000815
0.109306615,12.294454989,0.E+000,0.143087315,12.231254025,       0001401P0000816
0.E+000,0.179026593,12.170371461,0.E+000,0.217026791,            0001401P0000817
12.111862313,0.E+000,0.29762586,11.999102624,0.E+000,            0001401P0000818
0.340175396,11.945020699,0.E+000,0.384953521,11.893312435,       0001401P0000819
0.E+000,0.432160287,11.844033996,0.E+000,0.482009324,            0001401P0000820
11.797380549,0.E+000,0.534835816,11.753762377,0.E+000,           0001401P0000821
0.59102388,11.713740776,0.E+000,0.689316594,11.656262864,        0001401P0000822
0.E+000,0.728735102,11.635866175,0.E+000,0.77002492,             0001401P0000823
11.617692911,0.E+000,0.81325185,11.602236694,0.E+000,            0001401P0000824
0.858286073,11.589973733,0.E+000,0.904802149,11.581362821,       0001401P0000825
0.E+000,0.952279019,11.576845333,0.E+000,1.,11.57684523,0.E+000, 0001401P0000826
0.E+000,0.999997217,0.E+000,0.E+000,1.;                          0001401P0000827
102,3,1405,1409,1411;                                            0001403P0000828
100,0.E+000,0.E+000,0.E+000,0.494177931,-0.752188921,0.9,        0001405P0000829
-2.220446049E-016;                                               0001405P0000830
124,1.,0.E+000,0.E+000,-4.514E-003,0.E+000,1.,0.E+000,           0001407P0000831
1.367053678,0.E+000,0.E+000,1.,4.7;                              0001407P0000832
110,0.895486,1.367053678,4.7,0.895486,1.367053678,4.78997857;    0001409P0000833
126,22,8,0,0,1,0,0.E+000,0.E+000,0.E+000,0.E+000,0.E+000,        0001411P0000834
0.E+000,0.E+000,0.E+000,0.E+000,0.378772954,0.378772954,         0001411P0000835
0.378772954,0.378772954,0.378772954,0.378772954,0.378772954,     0001411P0000836
0.761041225,0.761041225,0.761041225,0.761041225,0.761041225,     0001411P0000837
0.761041225,0.761041225,0.999997217,0.999997217,0.999997217,     0001411P0000838
0.999997217,0.999997217,0.999997217,0.999997217,0.999997217,     0001411P0000839
0.999997217,1.,1.,1.,1.,1.,1.,1.,1.,1.,1.,1.,1.,1.,1.,1.,1.,1.,  0001411P0000840
1.,1.,1.,1.,1.,1.,0.895486,1.367053678,4.78997857,0.895485994,   0001411P0000841
1.303962684,4.787912673,0.890431284,1.241827726,4.785570299,     0001411P0000842
0.88059089,1.181657215,4.782972526,0.866517844,1.124158375,      0001411P0000843
4.780143317,0.848861648,1.069785759,4.777103778,0.828273395,     0001411P0000844
1.018789929,4.773870013,0.805364439,0.971265787,4.770450809,     0001411P0000845
0.755766677,0.882727618,4.76319862,0.729099933,0.841875403,      0001411P0000846
4.759370074,0.701174519,0.804462502,4.755341002,0.672487541,     0001411P0000847
0.770445978,4.751093405,0.643594396,0.739821511,4.74660806,      0001411P0000848
0.615183264,0.712634364,4.741854808,0.588050909,0.688909075,     0001411P0000849
4.736799086,0.547918136,0.656269131,4.727954849,0.533340535,     0001411P0000850
0.645107623,4.724408028,0.520115218,0.635472617,4.720692829,     0001411P0000851
0.508708398,0.627497297,4.716803331,0.499559817,0.621315081,     0001411P0000852
4.712751216,0.493082752,0.617059621,4.708565766,0.48966401,      0001411P0000853
0.614864805,4.704293866,0.489663931,0.614864757,4.7,0.E+000,     0001411P0000854
0.999997217,-0.247569248,4.51967355E-002,0.967815438;            0001411P0000855
144,1415,1,0,1417;                                               0001413P0000856
108,0.E+000,0.E+000,-1.,-4.7,0,0.9,-1.432946322,4.7,0.E+000;     0001415P0000857
142,0,1415,0,1419,2;                                             0001417P0000858
102,3,1421,1425,1429;                                            0001419P0000859
100,0.E+000,0.E+000,0.E+000,0.899998794,-1.473160941E-003,0.9,   0001421P0000860
-2.220446049E-016;                                               0001421P0000861
124,1.,0.E+000,0.E+000,0.E+000,0.E+000,-1.,0.E+000,-1.432946322, 0001423P0000862
0.E+000,0.E+000,-1.,4.7;                                         0001423P0000863
100,0.E+000,0.E+000,0.E+000,0.9,0.E+000,-0.899998794,            0001425P0000864
-1.473160941E-003;                                               0001425P0000865
124,1.,0.E+000,0.E+000,0.E+000,0.E+000,-1.,0.E+000,-1.432946322, 0001427P0000866
0.E+000,0.E+000,-1.,4.7;                                         0001427P0000867
100,0.E+000,0.E+000,0.E+000,-0.899998794,-1.473160941E-003,      0001429P0000868
0.899998794,-1.473160941E-003;                                   0001429P0000869
124,1.,0.E+000,0.E+000,0.E+000,0.E+000,1.,0.E+000,-1.43,0.E+000, 0001431P0000870
0.E+000,1.,4.7;                                                  0001431P0000871
144,1435,1,0,1437;                                               0001433P0000872
108,0.E+000,0.E+000,1.,4.7,0,0.E+000,-1.43,4.7,0.E+000;          0001435P0000873
142,0,1435,0,1439,2;                                             0001437P0000874
102,3,1441,1445,1449;                                            0001439P0000875
100,0.E+000,0.E+000,0.E+000,0.899998794,-1.473160941E-003,0.9,   0001441P0000876
-2.220446049E-016;                                               0001441P0000877
124,1.,0.E+000,0.E+000,0.E+000,0.E+000,1.,0.E+000,-1.43,0.E+000, 0001443P0000878
0.E+000,1.,4.7;                                                  0001443P0000879
100,0.E+000,0.E+000,0.E+000,0.9,0.E+000,-0.899998794,            0001445P0000880
-1.473160941E-003;                                               0001445P0000881
124,1.,0.E+000,0.E+000,0.E+000,0.E+000,1.,0.E+000,-1.43,0.E+000, 0001447P0000882
0.E+000,1.,4.7;                                                  0001447P0000883
100,0.E+000,0.E+000,0.E+000,-0.899998794,-1.473160941E-003,      0001449P0000884
0.899998794,-1.473160941E-003;                                   0001449P0000885
124,1.,0.E+000,0.E+000,0.E+000,0.E+000,-1.,0.E+000,-1.432946322, 0001451P0000886
0.E+000,0.E+000,-1.,4.7;                                         0001451P0000887
144,1455,1,1,1465,1505;                                          0001453P0000888
120,1459,1461,0.E+000,6.283185307;                               0001455P0000889
124,1.,0.E+000,0.E+000,0.E+000,0.E+000,1.,0.E+000,1.37,0.E+000,  0001457P0000890
0.E+000,1.,4.7;                                                  0001457P0000891
110,0.E+000,0.E+000,1.,0.E+000,0.E+000,0.E+000;                  0001459P0000892
100,0.E+000,0.E+000,0.E+000,0.9,-6.639330127E-016,               0001461P0000893
5.510910596E-017,0.9;                                            0001461P0000894
124,1.,0.E+000,0.E+000,0.E+000,0.E+000,0.E+000,-1.,0.E+000,      0001463P0000895
0.E+000,1.,-0.E+000,0.E+000;                                     0001463P0000896
142,0,1455,1467,1481,3;                                          0001465P0000897
102,6,1469,1471,1473,1475,1477,1479;                             0001467P0000898
110,0.100250899,1.41740757E-015,0.E+000,1.570796327,             0001469P0000899
1.743934249E-015,0.E+000;                                        0001469P0000900
110,1.570796327,6.283185307,0.E+000,0.100250899,6.283185307,     0001471P0000901
0.E+000;                                                         0001471P0000902
126,36,8,1,0,1,0,0.E+000,0.E+000,0.E+000,0.E+000,0.E+000,        0001473P0000903
0.E+000,0.E+000,0.E+000,0.E+000,0.188552492,0.188552492,         0001473P0000904
0.188552492,0.188552492,0.188552492,0.188552492,0.188552492,     0001473P0000905
0.363146649,0.363146649,0.363146649,0.363146649,0.363146649,     0001473P0000906
0.363146649,0.363146649,0.562593538,0.562593538,0.562593538,     0001473P0000907
0.562593538,0.562593538,0.562593538,0.562593538,0.697745745,     0001473P0000908
0.697745745,0.697745745,0.697745745,0.697745745,0.697745745,     0001473P0000909
0.697745745,0.999997745,0.999997745,0.999997745,0.999997745,     0001473P0000910
0.999997745,0.999997745,0.999997745,0.999997745,0.999997745,1.,  0001473P0000911
1.,1.,1.,1.,1.,1.,1.,1.,1.,1.,1.,1.,1.,1.,1.,1.,1.,1.,1.,1.,1.,  0001473P0000912
1.,1.,1.,1.,1.,1.,1.,1.,1.,1.,1.,1.,1.,1.,1.,0.100250899,        0001473P0000913
6.283185307,0.E+000,0.102236717,6.222168964,0.E+000,0.104017619, 0001473P0000914
6.159539173,0.E+000,0.105579999,6.095267643,0.E+000,0.106906244, 0001473P0000915
6.029360533,0.E+000,0.107976696,5.961859966,0.E+000,0.108770271, 0001473P0000916
5.892841098,0.E+000,0.109265633,5.822429479,0.E+000,0.10961076,  0001473P0000917
5.684595491,0.E+000,0.109505871,5.617242901,0.E+000,0.109114043, 0001473P0000918
5.549168663,0.E+000,0.108426321,5.480699049,0.E+000,0.107439233, 0001473P0000919
5.412154857,0.E+000,0.106155309,5.343886728,0.E+000,0.104585785, 0001473P0000920
5.276314581,0.E+000,0.100664691,5.134184067,0.E+000,             0001473P0000921
9.823146769E-002,5.059922513,0.E+000,9.548735848E-002,           0001473P0000922
4.987821761,0.E+000,9.247084186E-002,4.918281735,0.E+000,        0001473P0000923
8.922117847E-002,4.851593628,0.E+000,8.577564443E-002,           0001473P0000924
4.787972471,0.E+000,8.216764847E-002,4.727552273,0.E+000,        0001473P0000925
7.58858541E-002,4.631672045,0.E+000,7.328375897E-002,            0001473P0000926
4.594412299,0.E+000,7.062292626E-002,4.558617456,0.E+000,        0001473P0000927
6.790850975E-002,4.524287365,0.E+000,6.514475298E-002,4.4914253, 0001473P0000928
0.E+000,6.233492275E-002,4.460037985,0.E+000,5.948124262E-002,   0001473P0000929
4.430135608,0.E+000,5.010733253E-002,4.338210152,0.E+000,        0001473P0000930
4.341966128E-002,4.282219933,0.E+000,3.653327164E-002,           0001473P0000931
4.233896301,0.E+000,2.946429491E-002,4.193828058,0.E+000,        0001473P0000932
2.223606663E-002,4.162799417,0.E+000,1.488048737E-002,           0001473P0000933
4.141694653,0.E+000,7.445231427E-003,4.131118176,0.E+000,        0001473P0000934
-1.215558341E-015,4.131118038,0.E+000,0.E+000,0.999997745,       0001473P0000935
-0.E+000,-0.E+000,1.;                                            0001473P0000936
110,-4.778549266E-016,4.131118038,0.E+000,-1.174098711E-015,     0001475P0000937
0.995514788,0.E+000;                                             0001475P0000938
110,-1.174098711E-015,0.995514788,0.E+000,-1.395147399E-015,     0001477P0000939
0.E+000,0.E+000;                                                 0001477P0000940
110,0.E+000,1.395147399E-015,0.E+000,0.100250899,                0001479P0000941
1.41740757E-015,0.E+000;                                         0001479P0000942
102,6,1483,1487,1491,1493,1497,1501;                             0001481P0000943
100,0.E+000,0.E+000,0.E+000,0.895481177,9.007475272E-002,        0001483P0000944
2.755455298E-016,0.9;                                            0001483P0000945
124,1.,0.E+000,-2.449293598E-016,0.E+000,-2.449293598E-016,      0001485P0000946
0.E+000,-1.,1.37,0.E+000,1.,0.E+000,4.7;                         0001485P0000947
100,0.E+000,0.E+000,0.E+000,5.510910596E-017,-0.9,0.895481177,   0001487P0000948
-9.007475272E-002;                                               0001487P0000949
124,1.,0.E+000,2.449293598E-016,0.E+000,-2.449293598E-016,       0001489P0000950
-0.E+000,1.,1.37,0.E+000,-1.,0.E+000,4.7;                        0001489P0000951
126,36,8,0,0,1,0,0.E+000,0.E+000,0.E+000,0.E+000,0.E+000,        0001491P0000952
0.E+000,0.E+000,0.E+000,0.E+000,0.188552492,0.188552492,         0001491P0000953
0.188552492,0.188552492,0.188552492,0.188552492,0.188552492,     0001491P0000954
0.363146649,0.363146649,0.363146649,0.363146649,0.363146649,     0001491P0000955
0.363146649,0.363146649,0.562593538,0.562593538,0.562593538,     0001491P0000956
0.562593538,0.562593538,0.562593538,0.562593538,0.697745745,     0001491P0000957
0.697745745,0.697745745,0.697745745,0.697745745,0.697745745,     0001491P0000958
0.697745745,0.999997745,0.999997745,0.999997745,0.999997745,     0001491P0000959
0.999997745,0.999997745,0.999997745,0.999997745,0.999997745,1.,  0001491P0000960
1.,1.,1.,1.,1.,1.,1.,1.,1.,1.,1.,1.,1.,1.,1.,1.,1.,1.,1.,1.,1.,  0001491P0000961
1.,1.,1.,1.,1.,1.,1.,1.,1.,1.,1.,1.,1.,1.,1.,0.895481177,1.37,   0001491P0000962
4.790074753,0.895302305,1.424638987,4.791853016,0.891327633,     0001491P0000963
1.480697727,4.793447374,0.883210778,1.537894613,4.79484578,      0001491P0000964
0.870610777,1.595847643,4.796032601,0.853228924,1.654072454,     0001491P0000965
4.796990374,0.830839524,1.711981732,4.797700348,0.803337807,     0001491P0000966
1.768892615,4.79814351,0.740725226,1.875121719,4.798452266,      0001491P0000967
0.706285045,1.924763527,4.798358427,0.667651738,1.972228028,     0001491P0000968
4.798007903,0.625124284,2.016841512,4.797392662,0.579152153,     0001491P0000969
2.058011149,4.796509524,0.530333721,2.095246802,4.795360626,     0001491P0000970
0.479417507,2.128196231,4.793955859,0.367777109,2.189247574,     0001491P0000971
4.790445489,0.306626582,2.216025296,4.788266678,0.245063904,     0001491P0000972
2.236830435,4.785808832,0.18418341,2.251904319,4.783106143,      0001491P0000973
0.124887941,2.261745535,4.780193549,6.786247717E-002,            0001491P0000974
2.266990763,4.777104287,1.358197372E-002,2.268331722,4.7738682,  0001491P0000975
-7.238777843E-002,2.26516315,4.768231962,-0.105747629,           0001491P0000976
2.262399134,4.765896755,-0.137673387,2.258356342,4.763508305,    0001491P0000977
-0.168117448,2.253232145,4.76107122,-0.197049996,2.247215181,    0001491P0000978
4.758589304,-0.224455593,2.240484644,4.756065488,-0.250329772,   0001491P0000979
2.233209568,4.753501774,-0.329122271,2.208414171,4.745078758,    0001491P0000980
-0.375894419,2.189358311,4.739067046,-0.415047023,2.170155394,   0001491P0000981
4.732874428,-0.446520212,2.152419697,4.726515608,-0.470253353,   0001491P0000982
2.13770321,4.720011894,-0.48619108,2.127367818,4.713392439,      0001491P0000983
-0.494177827,2.122188988,4.706700708,-0.494177931,2.122188921,   0001491P0000984
4.7,0.E+000,0.999997745,-8.505338872E-002,-8.137050373E-002,     0001491P0000985
0.993048217;                                                     0001491P0000986
100,0.E+000,0.E+000,0.E+000,-0.494177931,0.752188921,            0001493P0000987
0.489663931,-0.755135243;                                        0001493P0000988
124,1.,0.E+000,0.E+000,0.E+000,0.E+000,1.,0.E+000,1.37,0.E+000,  0001495P0000989
0.E+000,1.,4.7;                                                  0001495P0000990
100,0.E+000,0.E+000,0.E+000,0.489663931,-0.755135243,0.9,        0001497P0000991
-2.220446049E-016;                                               0001497P0000992
124,1.,0.E+000,0.E+000,0.E+000,0.E+000,1.,0.E+000,1.37,0.E+000,  0001499P0000993
0.E+000,1.,4.7;                                                  0001499P0000994
100,0.E+000,0.E+000,0.E+000,0.9,0.E+000,0.895481177,             0001501P0000995
9.007475272E-002;                                                0001501P0000996
124,1.,0.E+000,-2.449293598E-016,0.E+000,-2.449293598E-016,      0001503P0000997
0.E+000,-1.,1.37,0.E+000,1.,0.E+000,4.7;                         0001503P0000998
142,0,1455,1467,0,1;                                             0001505P0000999
144,1509,1,0,1519;                                               0001507P0001000
120,1513,1515,4.131118038,6.283185307;                           0001509P0001001
124,1.,0.E+000,0.E+000,0.E+000,0.E+000,1.,0.E+000,1.37,0.E+000,  0001511P0001002
0.E+000,1.,4.7;                                                  0001511P0001003
110,0.E+000,0.E+000,1.,0.E+000,0.E+000,0.E+000;                  0001513P0001004
100,0.E+000,0.E+000,0.E+000,0.9,-6.639330127E-016,0.894598877,   0001515P0001005
9.845226489E-002;                                                0001515P0001006
124,1.,0.E+000,0.E+000,0.E+000,0.E+000,0.E+000,-1.,0.E+000,      0001517P0001007
0.E+000,1.,-0.E+000,0.E+000;                                     0001517P0001008
142,0,1509,1521,1529,3;                                          0001519P0001009
102,3,1523,1525,1527;                                            0001521P0001010
126,36,8,1,0,1,0,2.255373432E-006,2.255373432E-006,              0001523P0001011
2.255373432E-006,2.255373432E-006,2.255373432E-006,              0001523P0001012
2.255373432E-006,2.255373432E-006,2.255373432E-006,              0001523P0001013
2.255373432E-006,0.302254255,0.302254255,0.302254255,            0001523P0001014
0.302254255,0.302254255,0.302254255,0.302254255,0.437406462,     0001523P0001015
0.437406462,0.437406462,0.437406462,0.437406462,0.437406462,     0001523P0001016
0.437406462,0.636853351,0.636853351,0.636853351,0.636853351,     0001523P0001017
0.636853351,0.636853351,0.636853351,0.811447508,0.811447508,     0001523P0001018
0.811447508,0.811447508,0.811447508,0.811447508,0.811447508,1.,  0001523P0001019
1.,1.,1.,1.,1.,1.,1.,1.,1.,1.,1.,1.,1.,1.,1.,1.,1.,1.,1.,1.,1.,  0001523P0001020
1.,1.,1.,1.,1.,1.,1.,1.,1.,1.,1.,1.,1.,1.,1.,1.,1.,1.,1.,1.,1.,  0001523P0001021
1.,1.,1.,-1.218104582E-015,4.131118038,0.E+000,7.445231427E-003, 0001523P0001022
4.131118176,0.E+000,1.488048737E-002,4.141694653,0.E+000,        0001523P0001023
2.223606663E-002,4.162799417,0.E+000,2.946429491E-002,           0001523P0001024
4.193828058,0.E+000,3.653327164E-002,4.233896301,0.E+000,        0001523P0001025
4.341966128E-002,4.282219933,0.E+000,5.010733253E-002,           0001523P0001026
4.338210152,0.E+000,5.948124262E-002,4.430135608,0.E+000,        0001523P0001027
6.233492275E-002,4.460037985,0.E+000,6.514475298E-002,4.4914253, 0001523P0001028
0.E+000,6.790850975E-002,4.524287365,0.E+000,7.062292626E-002,   0001523P0001029
4.558617456,0.E+000,7.328375897E-002,4.594412299,0.E+000,        0001523P0001030
7.58858541E-002,4.631672045,0.E+000,8.216764847E-002,            0001523P0001031
4.727552273,0.E+000,8.577564443E-002,4.787972471,0.E+000,        0001523P0001032
8.922117847E-002,4.851593628,0.E+000,9.247084186E-002,           0001523P0001033
4.918281735,0.E+000,9.548735848E-002,4.987821761,0.E+000,        0001523P0001034
9.823146769E-002,5.059922513,0.E+000,0.100664691,5.134184067,    0001523P0001035
0.E+000,0.104585785,5.276314581,0.E+000,0.106155309,5.343886728, 0001523P0001036
0.E+000,0.107439233,5.412154857,0.E+000,0.108426321,5.480699049, 0001523P0001037
0.E+000,0.109114043,5.549168663,0.E+000,0.109505871,5.617242901, 0001523P0001038
0.E+000,0.10961076,5.684595491,0.E+000,0.109265633,5.822429479,  0001523P0001039
0.E+000,0.108770271,5.892841098,0.E+000,0.107976696,5.961859966, 0001523P0001040
0.E+000,0.106906244,6.029360533,0.E+000,0.105579999,6.095267643, 0001523P0001041
0.E+000,0.104017619,6.159539173,0.E+000,0.102236717,6.222168964, 0001523P0001042
0.E+000,0.100250899,6.283185307,0.E+000,2.255373432E-006,1.,     0001523P0001043
0.E+000,0.E+000,1.;                                              0001523P0001044
110,0.100250899,6.283185307,0.E+000,1.776356839E-015,            0001525P0001045
6.283185307,0.E+000;                                             0001525P0001046
110,0.E+000,6.283185307,0.E+000,-4.778549266E-016,4.131118038,   0001527P0001047
0.E+000;                                                         0001527P0001048
102,3,1531,1533,1537;                                            0001529P0001049
126,36,8,0,0,1,0,2.255373432E-006,2.255373432E-006,              0001531P0001050
2.255373432E-006,2.255373432E-006,2.255373432E-006,              0001531P0001051
2.255373432E-006,2.255373432E-006,2.255373432E-006,              0001531P0001052
2.255373432E-006,0.302254255,0.302254255,0.302254255,            0001531P0001053
0.302254255,0.302254255,0.302254255,0.302254255,0.437406462,     0001531P0001054
0.437406462,0.437406462,0.437406462,0.437406462,0.437406462,     0001531P0001055
0.437406462,0.636853351,0.636853351,0.636853351,0.636853351,     0001531P0001056
0.636853351,0.636853351,0.636853351,0.811447508,0.811447508,     0001531P0001057
0.811447508,0.811447508,0.811447508,0.811447508,0.811447508,1.,  0001531P0001058
1.,1.,1.,1.,1.,1.,1.,1.,1.,1.,1.,1.,1.,1.,1.,1.,1.,1.,1.,1.,1.,  0001531P0001059
1.,1.,1.,1.,1.,1.,1.,1.,1.,1.,1.,1.,1.,1.,1.,1.,1.,1.,1.,1.,1.,  0001531P0001060
1.,1.,1.,-0.494177931,2.122188921,4.7,-0.494177827,2.122188988,  0001531P0001061
4.706700708,-0.48619108,2.127367818,4.713392439,-0.470253353,    0001531P0001062
2.13770321,4.720011894,-0.446520212,2.152419697,4.726515608,     0001531P0001063
-0.415047023,2.170155394,4.732874428,-0.375894419,2.189358311,   0001531P0001064
4.739067046,-0.329122271,2.208414171,4.745078758,-0.250329772,   0001531P0001065
2.233209568,4.753501774,-0.224455593,2.240484644,4.756065488,    0001531P0001066
-0.197049996,2.247215181,4.758589304,-0.168117448,2.253232145,   0001531P0001067
4.76107122,-0.137673387,2.258356342,4.763508305,-0.105747629,    0001531P0001068
2.262399134,4.765896755,-7.238777843E-002,2.26516315,            0001531P0001069
4.768231962,1.358197372E-002,2.268331722,4.7738682,              0001531P0001070
6.786247717E-002,2.266990763,4.777104287,0.124887941,            0001531P0001071
2.261745535,4.780193549,0.18418341,2.251904319,4.783106143,      0001531P0001072
0.245063904,2.236830435,4.785808832,0.306626582,2.216025296,     0001531P0001073
4.788266678,0.367777109,2.189247574,4.790445489,0.479417507,     0001531P0001074
2.128196231,4.793955859,0.530333721,2.095246802,4.795360626,     0001531P0001075
0.579152153,2.058011149,4.796509524,0.625124284,2.016841512,     0001531P0001076
4.797392662,0.667651738,1.972228028,4.798007903,0.706285045,     0001531P0001077
1.924763527,4.798358427,0.740725226,1.875121719,4.798452266,     0001531P0001078
0.803337807,1.768892615,4.79814351,0.830839524,1.711981732,      0001531P0001079
4.797700348,0.853228924,1.654072454,4.796990374,0.870610777,     0001531P0001080
1.595847643,4.796032601,0.883210778,1.537894613,4.79484578,      0001531P0001081
0.891327633,1.480697727,4.793447374,0.895302305,1.424638987,     0001531P0001082
4.791853016,0.895481177,1.37,4.790074753,2.255373432E-006,1.,    0001531P0001083
-8.505338872E-002,-8.137050373E-002,0.993048217;                 0001531P0001084
100,0.E+000,0.E+000,0.E+000,0.895481177,-9.007475272E-002,0.9,   0001533P0001085
0.E+000;                                                         0001533P0001086
124,1.,0.E+000,2.449293598E-016,0.E+000,-2.449293598E-016,       0001535P0001087
-0.E+000,1.,1.37,0.E+000,-1.,0.E+000,4.7;                        0001535P0001088
100,0.E+000,0.E+000,0.E+000,0.9,0.E+000,-0.494177931,            0001537P0001089
0.752188921;                                                     0001537P0001090
124,1.,0.E+000,0.E+000,0.E+000,0.E+000,1.,0.E+000,1.37,0.E+000,  0001539P0001091
0.E+000,1.,4.7;                                                  0001539P0001092
144,1543,1,0,1553;                                               0001541P0001093
120,1547,1549,0.E+000,6.283185307;                               0001543P0001094
124,1.,0.E+000,0.E+000,0.E+000,0.E+000,1.,0.E+000,-1.43,0.E+000, 0001545P0001095
0.E+000,1.,4.7;                                                  0001545P0001096
110,0.E+000,0.E+000,1.,0.E+000,0.E+000,0.E+000;                  0001547P0001097
100,0.E+000,0.E+000,0.E+000,0.9,-2.318909963E-016,               0001549P0001098
5.510910596E-017,0.9;                                            0001549P0001099
124,1.,0.E+000,0.E+000,0.E+000,0.E+000,0.E+000,-1.,0.E+000,      0001551P0001100
0.E+000,1.,-0.E+000,0.E+000;                                     0001551P0001101
142,0,1543,1555,1569,3;                                          0001553P0001102
102,6,1557,1559,1561,1563,1565,1567;                             0001555P0001103
110,3.273696827E-003,1.395874306E-015,0.E+000,1.570796327,       0001557P0001104
1.743934249E-015,0.E+000;                                        0001557P0001105
110,1.570796327,6.283185307,0.E+000,3.273696827E-003,            0001559P0001106
6.283185307,0.E+000;                                             0001559P0001107
126,57,8,1,0,1,0,0.E+000,0.E+000,0.E+000,0.E+000,0.E+000,        0001561P0001108
0.E+000,0.E+000,0.E+000,0.E+000,0.23340508,0.23340508,           0001561P0001109
0.23340508,0.23340508,0.23340508,0.23340508,0.23340508,          0001561P0001110
0.312465437,0.312465437,0.312465437,0.312465437,0.312465437,     0001561P0001111
0.312465437,0.312465437,0.381489686,0.381489686,0.381489686,     0001561P0001112
0.381489686,0.381489686,0.381489686,0.381489686,0.486509093,     0001561P0001113
0.486509093,0.486509093,0.486509093,0.486509093,0.486509093,     0001561P0001114
0.486509093,0.5932419,0.5932419,0.5932419,0.5932419,0.5932419,   0001561P0001115
0.5932419,0.5932419,0.659445947,0.659445947,0.659445947,         0001561P0001116
0.659445947,0.659445947,0.659445947,0.659445947,0.787526148,     0001561P0001117
0.787526148,0.787526148,0.787526148,0.787526148,0.787526148,     0001561P0001118
0.787526148,0.999998056,0.999998056,0.999998056,0.999998056,     0001561P0001119
0.999998056,0.999998056,0.999998056,0.999998056,0.999998056,1.,  0001561P0001120
1.,1.,1.,1.,1.,1.,1.,1.,1.,1.,1.,1.,1.,1.,1.,1.,1.,1.,1.,1.,1.,  0001561P0001121
1.,1.,1.,1.,1.,1.,1.,1.,1.,1.,1.,1.,1.,1.,1.,1.,1.,1.,1.,1.,1.,  0001561P0001122
1.,1.,1.,1.,1.,1.,1.,1.,1.,1.,1.,1.,1.,1.,1.,3.273696827E-003,   0001561P0001123
6.283185307,0.E+000,9.970802043E-003,6.276488202,0.E+000,        0001561P0001124
1.659752007E-002,6.254203326,0.E+000,2.30642502E-002,            0001561P0001125
6.216997475,0.E+000,2.93210695E-002,6.166638457,0.E+000,         0001561P0001126
3.533987763E-002,6.1051061,0.E+000,4.110604387E-002,6.033546164, 0001561P0001127
0.E+000,4.661622246E-002,5.952639619,0.E+000,5.365241044E-002,   0001561P0001128
5.830324468,0.E+000,5.540301794E-002,5.798186665,0.E+000,        0001561P0001129
5.712381567E-002,5.764815543,0.E+000,5.881423367E-002,           0001561P0001130
5.730161567,0.E+000,6.047321083E-002,5.694159822,0.E+000,        0001561P0001131
6.209916054E-002,5.65672032,0.E+000,6.368993642E-002,            0001561P0001132
5.617718316,0.E+000,6.659853567E-002,5.541421755,0.E+000,        0001561P0001133
6.78753754E-002,5.505848875,0.E+000,6.907701289E-002,            0001561P0001134
5.470270931,0.E+000,7.020647772E-002,5.43468892,0.E+000,         0001561P0001135
7.126622383E-002,5.399101775,0.E+000,7.225822003E-002,           0001561P0001136
5.363508246,0.E+000,7.318404048E-002,5.327908787,0.E+000,        0001561P0001137
7.535482456E-002,5.238140495,0.E+000,7.658832138E-002,           0001561P0001138
5.180915247,0.E+000,7.77374349E-002,5.119920853,0.E+000,         0001561P0001139
7.87763087E-002,5.054723636,0.E+000,7.966172839E-002,4.98512269, 0001561P0001140
0.E+000,8.034598305E-002,4.911312107,0.E+000,8.076915012E-002,   0001561P0001141
4.833662379,0.E+000,8.103902345E-002,4.673095139,0.E+000,        0001561P0001142
8.087334842E-002,4.59182286,0.E+000,8.03971093E-002,4.51334425,  0001561P0001143
0.E+000,7.966774274E-002,4.438663302,0.E+000,7.873896846E-002,   0001561P0001144
4.368409265,0.E+000,7.766604518E-002,4.302722733,0.E+000,        0001561P0001145
7.648947769E-002,4.241434912,0.E+000,7.445294536E-002,           0001561P0001146
4.14842111,0.E+000,7.360973949E-002,4.112815302,0.E+000,         0001561P0001147
7.270189214E-002,4.077214628,0.E+000,7.17280898E-002,            0001561P0001148
4.041619493,0.E+000,7.068669938E-002,4.006028973,0.E+000,        0001561P0001149
6.957569693E-002,3.970442286,0.E+000,6.839259645E-002,           0001561P0001150
3.934860268,0.E+000,6.470019506E-002,3.830465492,0.E+000,        0001561P0001151
6.216003854E-002,3.766627737,0.E+000,5.952770941E-002,           0001561P0001152
3.706815535,0.E+000,5.681165899E-002,3.65058802,0.E+000,         0001561P0001153
5.401767694E-002,3.597660749,0.E+000,5.114912591E-002,           0001561P0001154
3.547829927,0.E+000,4.82062458E-002,3.500997917,0.E+000,         0001561P0001155
4.017585605E-002,3.384321361,0.E+000,3.495812498E-002,           0001561P0001156
3.319724855,0.E+000,2.953179751E-002,3.263278977,0.E+000,        0001561P0001157
2.390379903E-002,3.215798366,0.E+000,1.809273219E-002,           0001561P0001158
3.178473318,0.E+000,1.213090086E-002,3.152824665,0.E+000,        0001561P0001159
6.071606443E-003,3.139956013,0.E+000,-9.555938315E-016,          0001561P0001160
3.139955807,0.E+000,0.E+000,0.999998056,-0.E+000,-0.E+000,1.;    0001561P0001161
110,-6.979371525E-016,3.139955807,0.E+000,-1.394783946E-015,     0001563P0001162
1.636846221E-003,0.E+000;                                        0001563P0001163
110,-1.394783946E-015,1.636846221E-003,0.E+000,                  0001565P0001164
-1.395147399E-015,0.E+000,0.E+000;                               0001565P0001165
110,0.E+000,1.395147399E-015,0.E+000,3.273696827E-003,           0001567P0001166
1.395874306E-015,0.E+000;                                        0001567P0001167
102,6,1571,1575,1579,1581,1585,1589;                             0001569P0001168
100,0.E+000,0.E+000,0.E+000,0.899995177,2.946321881E-003,        0001571P0001169
2.755455298E-016,0.9;                                            0001571P0001170
124,1.,0.E+000,-2.449293598E-016,0.E+000,-2.449293598E-016,      0001573P0001171
0.E+000,-1.,-1.43,0.E+000,1.,0.E+000,4.7;                        0001573P0001172
100,0.E+000,0.E+000,0.E+000,5.510910596E-017,-0.9,0.899995177,   0001575P0001173
-2.946321881E-003;                                               0001575P0001174
124,1.,0.E+000,2.449293598E-016,0.E+000,-2.449293598E-016,       0001577P0001175
-0.E+000,1.,-1.43,0.E+000,-1.,0.E+000,4.7;                       0001577P0001176
126,57,8,0,0,1,0,0.E+000,0.E+000,0.E+000,0.E+000,0.E+000,        0001579P0001177
0.E+000,0.E+000,0.E+000,0.E+000,0.23340508,0.23340508,           0001579P0001178
0.23340508,0.23340508,0.23340508,0.23340508,0.23340508,          0001579P0001179
0.312465437,0.312465437,0.312465437,0.312465437,0.312465437,     0001579P0001180
0.312465437,0.312465437,0.381489686,0.381489686,0.381489686,     0001579P0001181
0.381489686,0.381489686,0.381489686,0.381489686,0.486509093,     0001579P0001182
0.486509093,0.486509093,0.486509093,0.486509093,0.486509093,     0001579P0001183
0.486509093,0.5932419,0.5932419,0.5932419,0.5932419,0.5932419,   0001579P0001184
0.5932419,0.5932419,0.659445947,0.659445947,0.659445947,         0001579P0001185
0.659445947,0.659445947,0.659445947,0.659445947,0.787526148,     0001579P0001186
0.787526148,0.787526148,0.787526148,0.787526148,0.787526148,     0001579P0001187
0.787526148,0.999998056,0.999998056,0.999998056,0.999998056,     0001579P0001188
0.999998056,0.999998056,0.999998056,0.999998056,0.999998056,1.,  0001579P0001189
1.,1.,1.,1.,1.,1.,1.,1.,1.,1.,1.,1.,1.,1.,1.,1.,1.,1.,1.,1.,1.,  0001579P0001190
1.,1.,1.,1.,1.,1.,1.,1.,1.,1.,1.,1.,1.,1.,1.,1.,1.,1.,1.,1.,1.,  0001579P0001191
1.,1.,1.,1.,1.,1.,1.,1.,1.,1.,1.,1.,1.,1.,1.,0.899995177,-1.43,  0001579P0001192
4.702946322,0.899975445,-1.423972638,4.708973684,0.899861708,    0001579P0001193
-1.403917122,4.714937548,0.899294524,-1.370432958,4.720756865,   0001579P0001194
0.896653408,-1.325143172,4.726386348,0.889616306,-1.269905379,   0001579P0001195
4.7318005,0.876011334,-1.206563122,4.736986066,0.853824484,      0001579P0001196
-1.136758155,4.74194003,0.808505665,-1.036597577,4.748264081,    0001579P0001197
0.795705117,-1.01068711,4.74983734,0.781448821,-0.984268791,     0001579P0001198
4.751383639,0.765610712,-0.957408042,4.752902469,0.748051955,    0001579P0001199
-0.930178443,4.754392881,0.728612415,-0.902664345,4.755853454,   0001579P0001200
0.70710213,-0.874963478,4.757282268,0.662505848,-0.822941343,    0001579P0001201
4.759894438,0.640731585,-0.799531952,4.761041026,0.618012569,    0001579P0001202
-0.777011276,4.762119974,0.594391589,-0.755424438,4.763134022,   0001579P0001203
0.569912673,-0.734812783,4.764085393,0.544622121,-0.715214858,   0001579P0001204
4.76497587,0.518569537,-0.696667394,4.765806882,0.451092871,     0001579P0001205
-0.652639453,4.767755234,0.406442288,-0.627088498,4.768862209,   0001579P0001206
0.357181889,-0.602824542,4.76989334,0.302790106,-0.580491623,    0001579P0001207
4.770825447,0.243002872,-0.56115115,4.77161979,0.178045278,      0001579P0001208
-0.54605058,4.772233619,0.108716749,-0.536685313,4.772613225,    0001579P0001209
-3.51970591E-002,-0.530709009,4.772855317,-0.108317166,          0001579P0001210
-0.534371859,4.772706695,-0.178495291,-0.544952823,4.772279491,  0001579P0001211
-0.244038286,-0.561079181,4.771625202,-0.304131818,-0.581315255, 0001579P0001212
4.770791949,-0.358647911,-0.604295166,4.76982927,-0.407885885,   0001579P0001213
-0.629028819,4.768773476,-0.480047802,-0.670991391,4.766945782,  0001579P0001214
-0.507021369,-0.688176951,4.766188996,-0.533288183,-0.706451269, 0001579P0001215
4.765374138,-0.558796838,-0.725780248,4.764500014,-0.58349886,   0001579P0001216
-0.746127605,4.763565144,-0.60734791,-0.767454185,4.762567692,   0001579P0001217
-0.63029898,-0.789717266,4.76150541,-0.694886083,-0.857661563,   0001579P0001218
4.758189734,-0.730874642,-0.9025583,4.755908335,-0.761444719,    0001579P0001219
-0.947023743,4.753543715,-0.787315246,-0.990659698,4.751103438,  0001579P0001220
-0.80908036,-1.033135825,4.748592687,-0.827272599,-1.074172263,  0001579P0001221
4.746014474,-0.842337721,-1.113534791,4.743369009,-0.875200578,  0001579P0001222
-1.213156622,4.736149035,-0.8882349,-1.270031016,4.731456704,    0001579P0001223
-0.895673553,-1.320490254,4.726575665,-0.899049197,-1.363222505, 0001579P0001224
4.721512196,-0.899943772,-1.39680617,4.716283152,-0.899979427,   0001579P0001225
-1.419891329,4.710917811,-0.899998794,-1.431472976,4.705464446,  0001579P0001226
-0.899998794,-1.431473161,4.7,0.E+000,0.999998056,               0001579P0001227
-3.005202875E-005,-8.772367322E-002,0.996144847;                 0001579P0001228
100,0.E+000,0.E+000,0.E+000,-0.899998794,-1.473160941E-003,      0001581P0001229
0.899998794,-1.473160941E-003;                                   0001581P0001230
124,1.,0.E+000,0.E+000,0.E+000,0.E+000,1.,0.E+000,-1.43,0.E+000, 0001583P0001231
0.E+000,1.,4.7;                                                  0001583P0001232
100,0.E+000,0.E+000,0.E+000,0.899998794,-1.473160941E-003,0.9,   0001585P0001233
-2.220446049E-016;                                               0001585P0001234
124,1.,0.E+000,0.E+000,0.E+000,0.E+000,1.,0.E+000,-1.43,0.E+000, 0001587P0001235
0.E+000,1.,4.7;                                                  0001587P0001236
100,0.E+000,0.E+000,0.E+000,0.9,0.E+000,0.899995177,             0001589P0001237
2.946321881E-003;                                                0001589P0001238
124,1.,0.E+000,-2.449293598E-016,0.E+000,-2.449293598E-016,      0001591P0001239
0.E+000,-1.,-1.43,0.E+000,1.,0.E+000,4.7;                        0001591P0001240
144,1595,1,0,1605;                                               0001593P0001241
120,1599,1601,3.139955807,6.283185307;                           0001595P0001242
124,1.,0.E+000,0.E+000,0.E+000,0.E+000,1.,0.E+000,-1.43,0.E+000, 0001597P0001243
0.E+000,1.,4.7;                                                  0001597P0001244
110,0.E+000,0.E+000,1.,0.E+000,0.E+000,0.E+000;                  0001599P0001245
100,0.E+000,0.E+000,0.E+000,0.9,-2.318909963E-016,0.897046322,   0001601P0001246
7.285531589E-002;                                                0001601P0001247
124,1.,0.E+000,0.E+000,0.E+000,0.E+000,0.E+000,-1.,0.E+000,      0001603P0001248
0.E+000,1.,-0.E+000,0.E+000;                                     0001603P0001249
142,0,1595,1607,1615,3;                                          0001605P0001250
102,3,1609,1611,1613;                                            0001607P0001251
126,57,8,1,0,1,0,1.944130305E-006,1.944130305E-006,              0001609P0001252
1.944130305E-006,1.944130305E-006,1.944130305E-006,              0001609P0001253
1.944130305E-006,1.944130305E-006,1.944130305E-006,              0001609P0001254
1.944130305E-006,0.212473852,0.212473852,0.212473852,            0001609P0001255
0.212473852,0.212473852,0.212473852,0.212473852,0.340554053,     0001609P0001256
0.340554053,0.340554053,0.340554053,0.340554053,0.340554053,     0001609P0001257
0.340554053,0.4067581,0.4067581,0.4067581,0.4067581,0.4067581,   0001609P0001258
0.4067581,0.4067581,0.513490907,0.513490907,0.513490907,         0001609P0001259
0.513490907,0.513490907,0.513490907,0.513490907,0.618510314,     0001609P0001260
0.618510314,0.618510314,0.618510314,0.618510314,0.618510314,     0001609P0001261
0.618510314,0.687534563,0.687534563,0.687534563,0.687534563,     0001609P0001262
0.687534563,0.687534563,0.687534563,0.76659492,0.76659492,       0001609P0001263
0.76659492,0.76659492,0.76659492,0.76659492,0.76659492,1.,1.,1., 0001609P0001264
1.,1.,1.,1.,1.,1.,1.,1.,1.,1.,1.,1.,1.,1.,1.,1.,1.,1.,1.,1.,1.,  0001609P0001265
1.,1.,1.,1.,1.,1.,1.,1.,1.,1.,1.,1.,1.,1.,1.,1.,1.,1.,1.,1.,1.,  0001609P0001266
1.,1.,1.,1.,1.,1.,1.,1.,1.,1.,1.,1.,1.,1.,1.,1.,1.,1.,1.,1.,1.,  0001609P0001267
1.,-9.555568268E-016,3.139955807,0.E+000,6.071606443E-003,       0001609P0001268
3.139956013,0.E+000,1.213090086E-002,3.152824665,0.E+000,        0001609P0001269
1.809273219E-002,3.178473318,0.E+000,2.390379903E-002,           0001609P0001270
3.215798366,0.E+000,2.953179751E-002,3.263278977,0.E+000,        0001609P0001271
3.495812498E-002,3.319724855,0.E+000,4.017585605E-002,           0001609P0001272
3.384321361,0.E+000,4.82062458E-002,3.500997917,0.E+000,         0001609P0001273
5.114912591E-002,3.547829927,0.E+000,5.401767694E-002,           0001609P0001274
3.597660749,0.E+000,5.681165899E-002,3.65058802,0.E+000,         0001609P0001275
5.952770941E-002,3.706815535,0.E+000,6.216003854E-002,           0001609P0001276
3.766627737,0.E+000,6.470019506E-002,3.830465492,0.E+000,        0001609P0001277
6.839259645E-002,3.934860268,0.E+000,6.957569693E-002,           0001609P0001278
3.970442286,0.E+000,7.068669938E-002,4.006028973,0.E+000,        0001609P0001279
7.17280898E-002,4.041619493,0.E+000,7.270189214E-002,            0001609P0001280
4.077214628,0.E+000,7.360973949E-002,4.112815302,0.E+000,        0001609P0001281
7.445294536E-002,4.14842111,0.E+000,7.648947769E-002,            0001609P0001282
4.241434912,0.E+000,7.766604518E-002,4.302722733,0.E+000,        0001609P0001283
7.873896846E-002,4.368409265,0.E+000,7.966774274E-002,           0001609P0001284
4.438663302,0.E+000,8.03971093E-002,4.51334425,0.E+000,          0001609P0001285
8.087334842E-002,4.59182286,0.E+000,8.103902345E-002,            0001609P0001286
4.673095139,0.E+000,8.076915012E-002,4.833662379,0.E+000,        0001609P0001287
8.034598305E-002,4.911312107,0.E+000,7.966172839E-002,           0001609P0001288
4.98512269,0.E+000,7.87763087E-002,5.054723636,0.E+000,          0001609P0001289
7.77374349E-002,5.119920853,0.E+000,7.658832138E-002,            0001609P0001290
5.180915247,0.E+000,7.535482456E-002,5.238140495,0.E+000,        0001609P0001291
7.318404048E-002,5.327908787,0.E+000,7.225822003E-002,           0001609P0001292
5.363508246,0.E+000,7.126622383E-002,5.399101775,0.E+000,        0001609P0001293
7.020647772E-002,5.43468892,0.E+000,6.907701289E-002,            0001609P0001294
5.470270931,0.E+000,6.78753754E-002,5.505848875,0.E+000,         0001609P0001295
6.659853567E-002,5.541421755,0.E+000,6.368993642E-002,           0001609P0001296
5.617718316,0.E+000,6.209916054E-002,5.65672032,0.E+000,         0001609P0001297
6.047321083E-002,5.694159822,0.E+000,5.881423367E-002,           0001609P0001298
5.730161567,0.E+000,5.712381567E-002,5.764815543,0.E+000,        0001609P0001299
5.540301794E-002,5.798186665,0.E+000,5.365241044E-002,           0001609P0001300
5.830324468,0.E+000,4.661622246E-002,5.952639619,0.E+000,        0001609P0001301
4.110604387E-002,6.033546164,0.E+000,3.533987763E-002,6.1051061, 0001609P0001302
0.E+000,2.93210695E-002,6.166638457,0.E+000,2.30642502E-002,     0001609P0001303
6.216997475,0.E+000,1.659752007E-002,6.254203326,0.E+000,        0001609P0001304
9.970802043E-003,6.276488202,0.E+000,3.273696827E-003,           0001609P0001305
6.283185307,0.E+000,1.944130305E-006,1.,0.E+000,0.E+000,1.;      0001609P0001306
110,3.273696827E-003,6.283185307,0.E+000,1.776356839E-015,       0001611P0001307
6.283185307,0.E+000;                                             0001611P0001308
110,0.E+000,6.283185307,0.E+000,-6.979371525E-016,3.139955807,   0001613P0001309
0.E+000;                                                         0001613P0001310
102,3,1617,1619,1623;                                            0001615P0001311
126,57,8,0,0,1,0,1.944130305E-006,1.944130305E-006,              0001617P0001312
1.944130305E-006,1.944130305E-006,1.944130305E-006,              0001617P0001313
1.944130305E-006,1.944130305E-006,1.944130305E-006,              0001617P0001314
1.944130305E-006,0.212473852,0.212473852,0.212473852,            0001617P0001315
0.212473852,0.212473852,0.212473852,0.212473852,0.340554053,     0001617P0001316
0.340554053,0.340554053,0.340554053,0.340554053,0.340554053,     0001617P0001317
0.340554053,0.4067581,0.4067581,0.4067581,0.4067581,0.4067581,   0001617P0001318
0.4067581,0.4067581,0.513490907,0.513490907,0.513490907,         0001617P0001319
0.513490907,0.513490907,0.513490907,0.513490907,0.618510314,     0001617P0001320
0.618510314,0.618510314,0.618510314,0.618510314,0.618510314,     0001617P0001321
0.618510314,0.687534563,0.687534563,0.687534563,0.687534563,     0001617P0001322
0.687534563,0.687534563,0.687534563,0.76659492,0.76659492,       0001617P0001323
0.76659492,0.76659492,0.76659492,0.76659492,0.76659492,1.,1.,1., 0001617P0001324
1.,1.,1.,1.,1.,1.,1.,1.,1.,1.,1.,1.,1.,1.,1.,1.,1.,1.,1.,1.,1.,  0001617P0001325
1.,1.,1.,1.,1.,1.,1.,1.,1.,1.,1.,1.,1.,1.,1.,1.,1.,1.,1.,1.,1.,  0001617P0001326
1.,1.,1.,1.,1.,1.,1.,1.,1.,1.,1.,1.,1.,1.,1.,1.,1.,1.,1.,1.,1.,  0001617P0001327
1.,-0.899998794,-1.431473161,4.7,-0.899998794,-1.431472976,      0001617P0001328
4.705464446,-0.899979427,-1.419891329,4.710917811,-0.899943772,  0001617P0001329
-1.39680617,4.716283152,-0.899049197,-1.363222505,4.721512196,   0001617P0001330
-0.895673553,-1.320490254,4.726575665,-0.8882349,-1.270031016,   0001617P0001331
4.731456704,-0.875200578,-1.213156622,4.736149035,-0.842337721,  0001617P0001332
-1.113534791,4.743369009,-0.827272599,-1.074172263,4.746014474,  0001617P0001333
-0.80908036,-1.033135825,4.748592687,-0.787315246,-0.990659698,  0001617P0001334
4.751103438,-0.761444719,-0.947023743,4.753543715,-0.730874642,  0001617P0001335
-0.9025583,4.755908335,-0.694886083,-0.857661563,4.758189734,    0001617P0001336
-0.63029898,-0.789717266,4.76150541,-0.60734791,-0.767454185,    0001617P0001337
4.762567692,-0.58349886,-0.746127605,4.763565144,-0.558796838,   0001617P0001338
-0.725780248,4.764500014,-0.533288183,-0.706451269,4.765374138,  0001617P0001339
-0.507021369,-0.688176951,4.766188996,-0.480047802,-0.670991391, 0001617P0001340
4.766945782,-0.407885885,-0.629028819,4.768773476,-0.358647911,  0001617P0001341
-0.604295166,4.76982927,-0.304131818,-0.581315255,4.770791949,   0001617P0001342
-0.244038286,-0.561079181,4.771625202,-0.178495291,-0.544952823, 0001617P0001343
4.772279491,-0.108317166,-0.534371859,4.772706695,               0001617P0001344
-3.51970591E-002,-0.530709009,4.772855317,0.108716749,           0001617P0001345
-0.536685313,4.772613225,0.178045278,-0.54605058,4.772233619,    0001617P0001346
0.243002872,-0.56115115,4.77161979,0.302790106,-0.580491623,     0001617P0001347
4.770825447,0.357181889,-0.602824542,4.76989334,0.406442288,     0001617P0001348
-0.627088498,4.768862209,0.451092871,-0.652639453,4.767755234,   0001617P0001349
0.518569537,-0.696667394,4.765806882,0.544622121,-0.715214858,   0001617P0001350
4.76497587,0.569912673,-0.734812783,4.764085393,0.594391589,     0001617P0001351
-0.755424438,4.763134022,0.618012569,-0.777011276,4.762119974,   0001617P0001352
0.640731585,-0.799531952,4.761041026,0.662505848,-0.822941343,   0001617P0001353
4.759894438,0.70710213,-0.874963478,4.757282268,0.728612415,     0001617P0001354
-0.902664345,4.755853454,0.748051955,-0.930178443,4.754392881,   0001617P0001355
0.765610712,-0.957408042,4.752902469,0.781448821,-0.984268791,   0001617P0001356
4.751383639,0.795705117,-1.01068711,4.74983734,0.808505665,      0001617P0001357
-1.036597577,4.748264081,0.853824484,-1.136758155,4.74194003,    0001617P0001358
0.876011334,-1.206563122,4.736986066,0.889616306,-1.269905379,   0001617P0001359
4.7318005,0.896653408,-1.325143172,4.726386348,0.899294524,      0001617P0001360
-1.370432958,4.720756865,0.899861708,-1.403917122,4.714937548,   0001617P0001361
0.899975445,-1.423972638,4.708973684,0.899995177,-1.43,          0001617P0001362
4.702946322,1.944130305E-006,1.,-3.005202875E-005,               0001617P0001363
-8.772367322E-002,0.996144847;                                   0001617P0001364
100,0.E+000,0.E+000,0.E+000,0.899995177,-2.946321881E-003,0.9,   0001619P0001365
0.E+000;                                                         0001619P0001366
124,1.,0.E+000,2.449293598E-016,0.E+000,-2.449293598E-016,       0001621P0001367
-0.E+000,1.,-1.43,0.E+000,-1.,0.E+000,4.7;                       0001621P0001368
100,0.E+000,0.E+000,0.E+000,0.9,0.E+000,-0.899998794,            0001623P0001369
-1.473160941E-003;                                               0001623P0001370
124,1.,0.E+000,0.E+000,0.E+000,0.E+000,1.,0.E+000,-1.43,0.E+000, 0001625P0001371
0.E+000,1.,4.7;                                                  0001625P0001372
144,1629,1,0,1631;                                               0001627P0001373
108,1.,-2.220446049E-016,1.110223025E-016,3.51,0,3.51,-2.09375,  0001629P0001374
1.55875,0.E+000;                                                 0001629P0001375
142,0,1629,0,1633,2;                                             0001631P0001376
102,40,1635,1637,1639,1641,1643,1645,1647,1649,1651,1653,1655,   0001633P0001377
1657,1659,1661,1663,1665,1667,1669,1671,1673,1675,1677,1679,     0001633P0001378
1681,1683,1685,1687,1689,1691,1693,1695,1697,1699,1701,1703,     0001633P0001379
1705,1707,1709,1711,1713;                                        0001633P0001380
126,2,2,1,0,1,0,0.E+000,0.E+000,0.E+000,1.,1.,1.,1.,1.,1.,3.51,  0001635P0001381
-2.09375,1.55875,3.51,-2.107166667,1.55875,3.51,-2.12,           0001635P0001382
1.552916667,0.E+000,1.,1.,0.E+000,0.E+000;                       0001635P0001383
126,2,2,1,0,1,0,0.E+000,0.E+000,0.E+000,1.,1.,1.,1.,1.,1.,3.51,  0001637P0001384
-2.12,1.552916667,3.51,-2.13225,1.547666667,3.51,-2.143333333,   0001637P0001385
1.5395,0.E+000,1.,1.,0.E+000,0.E+000;                            0001637P0001386
126,2,2,1,0,1,0,0.E+000,0.E+000,0.E+000,1.,1.,1.,1.,1.,1.,3.51,  0001639P0001387
-2.143333333,1.5395,3.51,-2.170166667,1.516166667,3.51,          0001639P0001388
-2.196416667,1.501583333,0.E+000,1.,-1.,0.E+000,0.E+000;         0001639P0001389
126,2,2,1,0,1,0,0.E+000,0.E+000,0.E+000,1.,1.,1.,1.,1.,1.,3.51,  0001641P0001390
-2.196416667,1.501583333,3.51,-2.222083333,1.487,3.51,           0001641P0001391
-2.251833333,1.477666667,0.E+000,1.,-1.,0.E+000,0.E+000;         0001641P0001392
126,2,2,1,0,1,0,0.E+000,0.E+000,0.E+000,1.,1.,1.,1.,1.,1.,3.51,  0001643P0001393
-2.251833333,1.477666667,3.51,-2.281,1.468916667,3.51,           0001643P0001394
-2.315416667,1.464833333,0.E+000,1.,-1.,0.E+000,0.E+000;         0001643P0001395
126,2,2,1,0,1,0,0.E+000,0.E+000,0.E+000,1.,1.,1.,1.,1.,1.,3.51,  0001645P0001396
-2.315416667,1.464833333,3.51,-2.34925,1.461333333,3.51,         0001645P0001397
-2.390083333,1.461333333,0.E+000,1.,-1.,0.E+000,0.E+000;         0001645P0001398
126,2,2,1,0,1,0,0.E+000,0.E+000,0.E+000,1.,1.,1.,1.,1.,1.,3.51,  0001647P0001399
-2.390083333,1.461333333,3.51,-2.461833333,1.461333333,3.51,     0001647P0001400
-2.524833333,1.487,0.E+000,1.,-1.,0.E+000,0.E+000;               0001647P0001401
126,2,2,1,0,1,0,0.E+000,0.E+000,0.E+000,1.,1.,1.,1.,1.,1.,3.51,  0001649P0001402
-2.524833333,1.487,3.51,-2.58725,1.51325,3.51,-2.6345,           0001649P0001403
1.563416667,0.E+000,1.,-1.,0.E+000,0.E+000;                      0001649P0001404
126,2,2,1,0,1,0,0.E+000,0.E+000,0.E+000,1.,1.,1.,1.,1.,1.,3.51,  0001651P0001405
-2.6345,1.563416667,3.51,-2.68175,1.613583333,3.51,-2.709166667, 0001651P0001406
1.6865,0.E+000,1.,-1.,0.E+000,0.E+000;                           0001651P0001407
126,2,2,1,0,1,0,0.E+000,0.E+000,0.E+000,1.,1.,1.,1.,1.,1.,3.51,  0001653P0001408
-2.709166667,1.6865,3.51,-2.736,1.76,3.51,-2.736,1.853916667,    0001653P0001409
0.E+000,1.,-1.,0.E+000,0.E+000;                                  0001653P0001410
126,2,2,1,0,1,0,0.E+000,0.E+000,0.E+000,1.,1.,1.,1.,1.,1.,3.51,  0001655P0001411
-2.736,1.853916667,3.51,-2.736,1.947833333,3.51,-2.7115,         0001655P0001412
2.020166667,0.E+000,1.,-1.,0.E+000,0.E+000;                      0001655P0001413
126,2,2,1,0,1,0,0.E+000,0.E+000,0.E+000,1.,1.,1.,1.,1.,1.,3.51,  0001657P0001414
-2.7115,2.020166667,3.51,-2.687,2.093083333,3.51,-2.642083333,   0001657P0001415
2.14325,0.E+000,1.,-1.,0.E+000,0.E+000;                          0001657P0001416
126,2,2,1,0,1,0,0.E+000,0.E+000,0.E+000,1.,1.,1.,1.,1.,1.,3.51,  0001659P0001417
-2.642083333,2.14325,3.51,-2.596583333,2.193416667,3.51,         0001659P0001418
-2.534166667,2.219083333,0.E+000,1.,-1.,0.E+000,0.E+000;         0001659P0001419
126,2,2,1,0,1,0,0.E+000,0.E+000,0.E+000,1.,1.,1.,1.,1.,1.,3.51,  0001661P0001420
-2.534166667,2.219083333,3.51,-2.47175,2.245333333,3.51,-2.3965, 0001661P0001421
2.245333333,0.E+000,1.,-1.,0.E+000,0.E+000;                      0001661P0001422
126,2,2,1,0,1,0,0.E+000,0.E+000,0.E+000,1.,1.,1.,1.,1.,1.,3.51,  0001663P0001423
-2.3965,2.245333333,3.51,-2.34925,2.245333333,3.51,-2.313666667, 0001663P0001424
2.238333333,0.E+000,1.,-1.,0.E+000,0.E+000;                      0001663P0001425
126,2,2,1,0,1,0,0.E+000,0.E+000,0.E+000,1.,1.,1.,1.,1.,1.,3.51,  0001665P0001426
-2.313666667,2.238333333,3.51,-2.278083333,2.231916667,3.51,     0001665P0001427
-2.251833333,2.222,0.E+000,1.,-1.,0.E+000,0.E+000;               0001665P0001428
126,2,2,1,0,1,0,0.E+000,0.E+000,0.E+000,1.,1.,1.,1.,1.,1.,3.51,  0001667P0001429
-2.251833333,2.222,3.51,-2.225583333,2.212666667,3.51,           0001667P0001430
-2.206333333,2.201583333,0.E+000,1.,-1.,0.E+000,0.E+000;         0001667P0001431
126,2,2,1,0,1,0,0.E+000,0.E+000,0.E+000,1.,1.,1.,1.,1.,1.,3.51,  0001669P0001432
-2.206333333,2.201583333,3.51,-2.187083333,2.1905,3.51,          0001669P0001433
-2.171333333,2.180583333,0.E+000,1.,-1.,0.E+000,0.E+000;         0001669P0001434
126,2,2,1,0,1,0,0.E+000,0.E+000,0.E+000,1.,1.,1.,1.,1.,1.,3.51,  0001671P0001435
-2.171333333,2.180583333,3.51,-2.155,2.17125,3.51,-2.140416667,  0001671P0001436
2.16425,0.E+000,1.,1.,0.E+000,0.E+000;                           0001671P0001437
126,2,2,1,0,1,0,0.E+000,0.E+000,0.E+000,1.,1.,1.,1.,1.,1.,3.51,  0001673P0001438
-2.140416667,2.16425,3.51,-2.125833333,2.157833333,3.51,         0001673P0001439
-2.110083333,2.157833333,0.E+000,1.,1.,0.E+000,0.E+000;          0001673P0001440
126,2,2,1,0,1,0,0.E+000,0.E+000,0.E+000,1.,1.,1.,1.,1.,1.,3.51,  0001675P0001441
-2.110083333,2.157833333,3.51,-2.085583333,2.157833333,3.51,     0001675P0001442
-2.072166667,2.16775,0.E+000,1.,1.,0.E+000,0.E+000;              0001675P0001443
126,2,2,1,0,1,0,0.E+000,0.E+000,0.E+000,1.,1.,1.,1.,1.,1.,3.51,  0001677P0001444
-2.072166667,2.16775,3.51,-2.05875,2.17825,3.51,-2.048833333,    0001677P0001445
2.1905,0.E+000,1.,1.,0.E+000,0.E+000;                            0001677P0001446
110,3.51,-2.048833333,2.1905,3.51,-1.94675,2.324666667;          0001679P0001447
126,2,2,1,0,1,0,0.E+000,0.E+000,0.E+000,1.,1.,1.,1.,1.,1.,3.51,  0001681P0001448
-1.94675,2.324666667,3.51,-1.9835,2.364333333,3.51,-2.031333333, 0001681P0001449
2.397583333,0.E+000,1.,1.,0.E+000,0.E+000;                       0001681P0001450
126,2,2,1,0,1,0,0.E+000,0.E+000,0.E+000,1.,1.,1.,1.,1.,1.,3.51,  0001683P0001451
-2.031333333,2.397583333,3.51,-2.078583333,2.431416667,3.51,     0001683P0001452
-2.135166667,2.455333333,0.E+000,1.,1.,0.E+000,0.E+000;          0001683P0001453
126,2,2,1,0,1,0,0.E+000,0.E+000,0.E+000,1.,1.,1.,1.,1.,1.,3.51,  0001685P0001454
-2.135166667,2.455333333,3.51,-2.19175,2.47925,3.51,-2.2565,     0001685P0001455
2.492666667,0.E+000,1.,1.,0.E+000,0.E+000;                       0001685P0001456
126,2,2,1,0,1,0,0.E+000,0.E+000,0.E+000,1.,1.,1.,1.,1.,1.,3.51,  0001687P0001457
-2.2565,2.492666667,3.51,-2.32125,2.506666667,3.51,-2.39475,     0001687P0001458
2.506666667,0.E+000,1.,1.,0.E+000,0.E+000;                       0001687P0001459
126,2,2,1,0,1,0,0.E+000,0.E+000,0.E+000,1.,1.,1.,1.,1.,1.,3.51,  0001689P0001460
-2.39475,2.506666667,3.51,-2.538833333,2.506666667,3.51,-2.659,  0001689P0001461
2.45825,0.E+000,1.,1.,0.E+000,0.E+000;                           0001689P0001462
126,2,2,1,0,1,0,0.E+000,0.E+000,0.E+000,1.,1.,1.,1.,1.,1.,3.51,  0001691P0001463
-2.659,2.45825,3.51,-2.779166667,2.410416667,3.51,-2.8655,       0001691P0001464
2.3235,0.E+000,1.,1.,0.E+000,0.E+000;                            0001691P0001465
126,2,2,1,0,1,0,0.E+000,0.E+000,0.E+000,1.,1.,1.,1.,1.,1.,3.51,  0001693P0001466
-2.8655,2.3235,3.51,-2.95125,2.236583333,3.51,-2.999083333,      0001693P0001467
2.116416667,0.E+000,1.,1.,0.E+000,0.E+000;                       0001693P0001468
126,2,2,1,0,1,0,0.E+000,0.E+000,0.E+000,1.,1.,1.,1.,1.,1.,3.51,  0001695P0001469
-2.999083333,2.116416667,3.51,-3.046333333,1.996833333,3.51,     0001695P0001470
-3.046333333,1.853916667,0.E+000,1.,1.,0.E+000,0.E+000;          0001695P0001471
126,2,2,1,0,1,0,0.E+000,0.E+000,0.E+000,1.,1.,1.,1.,1.,1.,3.51,  0001697P0001472
-3.046333333,1.853916667,3.51,-3.046333333,1.713333333,3.51,     0001697P0001473
-3.002583333,1.593166667,0.E+000,1.,1.,0.E+000,0.E+000;          0001697P0001474
126,2,2,1,0,1,0,0.E+000,0.E+000,0.E+000,1.,1.,1.,1.,1.,1.,3.51,  0001699P0001475
-3.002583333,1.593166667,3.51,-2.95825,1.473583333,3.51,         0001699P0001476
-2.876583333,1.386083333,0.E+000,1.,1.,0.E+000,0.E+000;          0001699P0001477
126,2,2,1,0,1,0,0.E+000,0.E+000,0.E+000,1.,1.,1.,1.,1.,1.,3.51,  0001701P0001478
-2.876583333,1.386083333,3.51,-2.794333333,1.299166667,3.51,     0001701P0001479
-2.6765,1.249583333,0.E+000,1.,1.,0.E+000,0.E+000;               0001701P0001480
126,2,2,1,0,1,0,0.E+000,0.E+000,0.E+000,1.,1.,1.,1.,1.,1.,3.51,  0001703P0001481
-2.6765,1.249583333,3.51,-2.558666667,1.2,3.51,-2.409916667,1.2, 0001703P0001482
0.E+000,1.,1.,0.E+000,0.E+000;                                   0001703P0001483
126,2,2,1,0,1,0,0.E+000,0.E+000,0.E+000,1.,1.,1.,1.,1.,1.,3.51,  0001705P0001484
-2.409916667,1.2,3.51,-2.24775,1.2,3.51,-2.129333333,1.25425,    0001705P0001485
0.E+000,1.,1.,0.E+000,0.E+000;                                   0001705P0001486
126,2,2,1,0,1,0,0.E+000,0.E+000,0.E+000,1.,1.,1.,1.,1.,1.,3.51,  0001707P0001487
-2.129333333,1.25425,3.51,-2.010333333,1.309083333,3.51,         0001707P0001488
-1.931583333,1.415833333,0.E+000,1.,1.,1.059230983E-013,0.E+000; 0001707P0001489
110,3.51,-1.931583333,1.415833333,3.51,-2.05175,1.54125;         0001709P0001490
126,2,2,1,0,1,0,0.E+000,0.E+000,0.E+000,1.,1.,1.,1.,1.,1.,3.51,  0001711P0001491
-2.05175,1.54125,3.51,-2.061666667,1.550583333,3.51,-2.07275,    0001711P0001492
1.554666667,0.E+000,1.,1.,0.E+000,0.E+000;                       0001711P0001493
126,2,2,1,0,1,0,0.E+000,0.E+000,0.E+000,1.,1.,1.,1.,1.,1.,3.51,  0001713P0001494
-2.07275,1.554666667,3.51,-2.08325,1.55875,3.51,-2.09375,        0001713P0001495
1.55875,0.E+000,1.,1.,0.E+000,0.E+000;                           0001713P0001496
144,1717,1,0,1719;                                               0001715P0001497
108,1.,-2.220446049E-016,1.110223025E-016,3.51,0,3.51,           0001717P0001498
-0.676833333,2.506666667,0.E+000;                                0001717P0001499
142,0,1717,0,1721,2;                                             0001719P0001500
102,20,1723,1725,1727,1729,1731,1733,1735,1737,1739,1741,1743,   0001721P0001501
1745,1747,1749,1751,1753,1755,1757,1759,1761;                    0001721P0001502
110,3.51,-0.676833333,2.506666667,3.51,-0.943416667,2.506666667; 0001723P0001503
110,3.51,-0.943416667,2.506666667,3.51,-0.943416667,1.816;       0001725P0001504
126,2,2,1,0,1,0,0.E+000,0.E+000,0.E+000,1.,1.,1.,1.,1.,1.,3.51,  0001727P0001505
-0.943416667,1.816,3.51,-0.943416667,1.7845,3.51,-0.941666667,   0001727P0001506
1.748916667,0.E+000,1.,1.,0.E+000,0.E+000;                       0001727P0001507
126,2,2,1,0,1,0,0.E+000,0.E+000,0.E+000,1.,1.,1.,1.,1.,1.,3.51,  0001729P0001508
-0.941666667,1.748916667,3.51,-0.939916667,1.713916667,3.51,     0001729P0001509
-0.935833333,1.676,0.E+000,1.,1.,0.E+000,0.E+000;                0001729P0001510
110,3.51,-0.935833333,1.676,3.51,-1.5565,2.46;                   0001731P0001511
126,2,2,1,0,1,0,0.E+000,0.E+000,0.E+000,1.,1.,1.,1.,1.,1.,3.51,  0001733P0001512
-1.5565,2.46,3.51,-1.56875,2.475166667,3.51,-1.578666667,        0001733P0001513
2.483916667,0.E+000,1.,1.,0.E+000,0.E+000;                       0001733P0001514
126,2,2,1,0,1,0,0.E+000,0.E+000,0.E+000,1.,1.,1.,1.,1.,1.,3.51,  0001735P0001515
-1.578666667,2.483916667,3.51,-1.588583333,2.49325,3.51,         0001735P0001516
-1.599666667,2.497916667,0.E+000,1.,1.,0.E+000,0.E+000;          0001735P0001517
126,2,2,1,0,1,0,0.E+000,0.E+000,0.E+000,1.,1.,1.,1.,1.,1.,3.51,  0001737P0001518
-1.599666667,2.497916667,3.51,-1.610166667,2.503166667,3.51,     0001737P0001519
-1.623583333,2.504916667,0.E+000,1.,1.,0.E+000,0.E+000;          0001737P0001520
126,2,2,1,0,1,0,0.E+000,0.E+000,0.E+000,1.,1.,1.,1.,1.,1.,3.51,  0001739P0001521
-1.623583333,2.504916667,3.51,-1.637,2.506666667,3.51,           0001739P0001522
-1.656833333,2.506666667,0.E+000,1.,1.,0.E+000,0.E+000;          0001739P0001523
110,3.51,-1.656833333,2.506666667,3.51,-1.816083333,2.506666667; 0001741P0001524
110,3.51,-1.816083333,2.506666667,3.51,-1.816083333,1.2;         0001743P0001525
110,3.51,-1.816083333,1.2,3.51,-1.5495,1.2;                      0001745P0001526
110,3.51,-1.5495,1.2,3.51,-1.5495,1.9;                           0001747P0001527
126,2,2,1,0,1,0,0.E+000,0.E+000,0.E+000,1.,1.,1.,1.,1.,1.,3.51,  0001749P0001528
-1.5495,1.9,3.51,-1.5495,1.928583333,3.51,-1.550666667,1.96125,  0001749P0001529
0.E+000,1.,1.,0.E+000,0.E+000;                                   0001749P0001530
126,2,2,1,0,1,0,0.E+000,0.E+000,0.E+000,1.,1.,1.,1.,1.,1.,3.51,  0001751P0001531
-1.550666667,1.96125,3.51,-1.551833333,1.993916667,3.51,         0001751P0001532
-1.555333333,2.028916667,0.E+000,1.,1.,0.E+000,0.E+000;          0001751P0001533
110,3.51,-1.555333333,2.028916667,3.51,-0.939916667,1.250166667; 0001753P0001534
126,2,2,1,0,1,0,0.E+000,0.E+000,0.E+000,1.,1.,1.,1.,1.,1.,3.51,  0001755P0001535
-0.939916667,1.250166667,3.51,-0.916583333,1.222166667,3.51,     0001755P0001536
-0.89325,1.211083333,0.E+000,1.,1.,0.E+000,0.E+000;              0001755P0001537
126,2,2,1,0,1,0,0.E+000,0.E+000,0.E+000,1.,1.,1.,1.,1.,1.,3.51,  0001757P0001538
-0.89325,1.211083333,3.51,-0.869333333,1.2,3.51,-0.834333333,    0001757P0001539
1.2,0.E+000,1.,1.,0.E+000,0.E+000;                               0001757P0001540
110,3.51,-0.834333333,1.2,3.51,-0.676833333,1.2;                 0001759P0001541
110,3.51,-0.676833333,1.2,3.51,-0.676833333,2.506666667;         0001761P0001542
144,1765,1,0,1767;                                               0001763P0001543
108,1.,-2.220446049E-016,1.110223025E-016,3.51,0,3.51,           0001765P0001544
0.190583333,1.69175,0.E+000;                                     0001765P0001545
142,0,1765,0,1769,2;                                             0001767P0001546
102,19,1771,1773,1775,1777,1779,1781,1783,1785,1787,1789,1791,   0001769P0001547
1793,1795,1797,1799,1801,1803,1805,1807;                         0001769P0001548
110,3.51,0.190583333,1.69175,3.51,0.663666667,2.506666667;       0001771P0001549
110,3.51,0.663666667,2.506666667,3.51,0.39475,2.506666667;       0001773P0001550
126,2,2,1,0,1,0,0.E+000,0.E+000,0.E+000,1.,1.,1.,1.,1.,1.,3.51,  0001775P0001551
0.39475,2.506666667,3.51,0.376083333,2.506666667,3.51,           0001775P0001552
0.360333333,2.500833333,0.E+000,1.,1.,0.E+000,0.E+000;           0001775P0001553
126,2,2,1,0,1,0,0.E+000,0.E+000,0.E+000,1.,1.,1.,1.,1.,1.,3.51,  0001777P0001554
0.360333333,2.500833333,3.51,0.344583333,2.495,3.51,0.332333333, 0001777P0001555
2.485083333,0.E+000,1.,1.,0.E+000,0.E+000;                       0001777P0001556
126,2,2,1,0,1,0,0.E+000,0.E+000,0.E+000,1.,1.,1.,1.,1.,1.,3.51,  0001779P0001557
0.332333333,2.485083333,3.51,0.320083333,2.47575,3.51,           0001779P0001558
0.311333333,2.464083333,0.E+000,1.,1.,0.E+000,0.E+000;           0001779P0001559
126,2,2,1,0,1,0,0.E+000,0.E+000,0.E+000,1.,1.,1.,1.,1.,1.,3.51,  0001781P0001560
0.311333333,2.464083333,3.51,0.302583333,2.452416667,3.51,       0001781P0001561
0.296166667,2.440166667,0.E+000,1.,1.,0.E+000,0.E+000;           0001781P0001562
110,3.51,0.296166667,2.440166667,3.51,0.113583333,2.05575;       0001783P0001563
126,2,2,1,0,1,0,0.E+000,0.E+000,0.E+000,1.,1.,1.,1.,1.,1.,3.51,  0001785P0001564
0.113583333,2.05575,3.51,9.025E-002,2.010833333,3.51,7.275E-002, 0001785P0001565
1.971166667,0.E+000,1.,1.,0.E+000,0.E+000;                       0001785P0001566
126,2,2,1,0,1,0,0.E+000,0.E+000,0.E+000,1.,1.,1.,1.,1.,1.,3.51,  0001787P0001567
7.275E-002,1.971166667,3.51,5.525E-002,1.932083333,3.51,         0001787P0001568
4.183333333E-002,1.893,0.E+000,1.,1.,0.E+000,0.E+000;            0001787P0001569
126,2,2,1,0,1,0,0.E+000,0.E+000,0.E+000,1.,1.,1.,1.,1.,1.,3.51,  0001789P0001570
4.183333333E-002,1.893,3.51,2.725E-002,1.930916667,3.51,         0001789P0001571
8.583333333E-003,1.970583333,0.E+000,1.,1.,0.E+000,0.E+000;      0001789P0001572
126,2,2,1,0,1,0,0.E+000,0.E+000,0.E+000,1.,1.,1.,1.,1.,1.,3.51,  0001791P0001573
8.583333333E-003,1.970583333,3.51,-1.008333333E-002,2.01025,     0001791P0001574
3.51,-3.341666667E-002,2.05575,0.E+000,1.,1.,0.E+000,0.E+000;    0001791P0001575
110,3.51,-3.341666667E-002,2.05575,3.51,-0.218333333,            0001793P0001576
2.440166667;                                                     0001793P0001577
126,2,2,1,0,1,0,0.E+000,0.E+000,0.E+000,1.,1.,1.,1.,1.,1.,3.51,  0001795P0001578
-0.218333333,2.440166667,3.51,-0.2335,2.469333333,3.51,-0.25625, 0001795P0001579
2.488,0.E+000,1.,1.,0.E+000,0.E+000;                             0001795P0001580
126,2,2,1,0,1,0,0.E+000,0.E+000,0.E+000,1.,1.,1.,1.,1.,1.,3.51,  0001797P0001581
-0.25625,2.488,3.51,-0.279,2.506666667,3.51,-0.318666667,        0001797P0001582
2.506666667,0.E+000,1.,1.,0.E+000,0.E+000;                       0001797P0001583
110,3.51,-0.318666667,2.506666667,3.51,-0.58525,2.506666667;     0001799P0001584
110,3.51,-0.58525,2.506666667,3.51,-0.112166667,1.69175;         0001801P0001585
110,3.51,-0.112166667,1.69175,3.51,-0.112166667,1.2;             0001803P0001586
110,3.51,-0.112166667,1.2,3.51,0.190583333,1.2;                  0001805P0001587
110,3.51,0.190583333,1.2,3.51,0.190583333,1.69175;               0001807P0001588
144,1811,1,0,1813;                                               0001809P0001589
108,1.,-2.220446049E-016,1.110223025E-016,3.51,0,3.51,           0001811P0001590
2.032166667,2.506666667,0.E+000;                                 0001811P0001591
142,0,1811,0,1815,2;                                             0001813P0001592
102,17,1817,1819,1821,1823,1825,1827,1829,1831,1833,1835,1837,   0001815P0001593
1839,1841,1843,1845,1847,1849;                                   0001815P0001594
110,3.51,2.032166667,2.506666667,3.51,1.114583333,2.506666667;   0001817P0001595
110,3.51,1.114583333,2.506666667,3.51,1.114583333,2.338666667;   0001819P0001596
126,2,2,1,0,1,0,0.E+000,0.E+000,0.E+000,1.,1.,1.,1.,1.,1.,3.51,  0001821P0001597
1.114583333,2.338666667,3.51,1.114583333,2.328166667,3.51,       0001821P0001598
1.119833333,2.317666667,0.E+000,1.,1.,0.E+000,0.E+000;           0001821P0001599
126,2,2,1,0,1,0,0.E+000,0.E+000,0.E+000,1.,1.,1.,1.,1.,1.,3.51,  0001823P0001600
1.119833333,2.317666667,3.51,1.125666667,2.307166667,3.51,       0001823P0001601
1.133833333,2.299583333,0.E+000,1.,1.,0.E+000,0.E+000;           0001823P0001602
126,2,2,1,0,1,0,0.E+000,0.E+000,0.E+000,1.,1.,1.,1.,1.,1.,3.51,  0001825P0001603
1.133833333,2.299583333,3.51,1.142583333,2.292,3.51,1.153666667, 0001825P0001604
2.287333333,0.E+000,1.,1.,0.E+000,0.E+000;                       0001825P0001605
126,2,2,1,0,1,0,0.E+000,0.E+000,0.E+000,1.,1.,1.,1.,1.,1.,3.51,  0001827P0001606
1.153666667,2.287333333,3.51,1.16475,2.282666667,3.51,           0001827P0001607
1.177583333,2.282666667,0.E+000,1.,1.,0.E+000,0.E+000;           0001827P0001608
110,3.51,1.177583333,2.282666667,3.51,1.751583333,2.282666667;   0001829P0001609
126,2,2,1,0,1,0,0.E+000,0.E+000,0.E+000,1.,1.,1.,1.,1.,1.,3.51,  0001831P0001610
1.751583333,2.282666667,3.51,1.725916667,2.254083333,3.51,       0001831P0001611
1.704916667,2.222583333,0.E+000,1.,1.,0.E+000,0.E+000;           0001831P0001612
126,2,2,1,0,1,0,0.E+000,0.E+000,0.E+000,1.,1.,1.,1.,1.,1.,3.51,  0001833P0001613
1.704916667,2.222583333,3.51,1.683916667,2.191083333,3.51,       0001833P0001614
1.662916667,2.153166667,0.E+000,1.,1.,0.E+000,0.E+000;           0001833P0001615
110,3.51,1.662916667,2.153166667,3.51,1.197416667,1.2;           0001835P0001616
110,3.51,1.197416667,1.2,3.51,1.399833333,1.2;                   0001837P0001617
126,2,2,1,0,1,0,0.E+000,0.E+000,0.E+000,1.,1.,1.,1.,1.,1.,3.51,  0001839P0001618
1.399833333,1.2,3.51,1.457,1.2,3.51,1.491416667,1.226833333,     0001839P0001619
0.E+000,1.,1.,0.E+000,0.E+000;                                   0001839P0001620
126,2,2,1,0,1,0,0.E+000,0.E+000,0.E+000,1.,1.,1.,1.,1.,1.,3.51,  0001841P0001621
1.491416667,1.226833333,3.51,1.525833333,1.253666667,3.51,       0001841P0001622
1.545083333,1.291583333,0.E+000,1.,1.,0.E+000,0.E+000;           0001841P0001623
110,3.51,1.545083333,1.291583333,3.51,1.998333333,2.252916667;   0001843P0001624
126,2,2,1,0,1,0,0.E+000,0.E+000,0.E+000,1.,1.,1.,1.,1.,1.,3.51,  0001845P0001625
1.998333333,2.252916667,3.51,2.008833333,2.2745,3.51,2.0205,     0001845P0001626
2.306,0.E+000,1.,1.,0.E+000,0.E+000;                             0001845P0001627
126,2,2,1,0,1,0,0.E+000,0.E+000,0.E+000,1.,1.,1.,1.,1.,1.,3.51,  0001847P0001628
2.0205,2.306,3.51,2.032166667,2.338083333,3.51,2.032166667,2.39, 0001847P0001629
0.E+000,1.,1.,0.E+000,0.E+000;                                   0001847P0001630
110,3.51,2.032166667,2.39,3.51,2.032166667,2.506666667;          0001849P0001631
144,1853,1,1,1855,1891;                                          0001851P0001632
108,1.,-2.220446049E-016,1.110223025E-016,3.51,0,3.51,           0001853P0001633
3.092666667,1.853916667,0.E+000;                                 0001853P0001634
142,0,1853,0,1857,2;                                             0001855P0001635
102,16,1859,1861,1863,1865,1867,1869,1871,1873,1875,1877,1879,   0001857P0001636
1881,1883,1885,1887,1889;                                        0001857P0001637
126,2,2,1,0,1,0,0.E+000,0.E+000,0.E+000,1.,1.,1.,1.,1.,1.,3.51,  0001859P0001638
3.092666667,1.853916667,3.51,3.092666667,2.021333333,3.51,       0001859P0001639
3.055916667,2.143833333,0.E+000,1.,1.,0.E+000,0.E+000;           0001859P0001640
126,2,2,1,0,1,0,0.E+000,0.E+000,0.E+000,1.,1.,1.,1.,1.,1.,3.51,  0001861P0001641
3.055916667,2.143833333,3.51,3.019166667,2.266916667,3.51,       0001861P0001642
2.954416667,2.347416667,0.E+000,1.,1.,0.E+000,0.E+000;           0001861P0001643
126,2,2,1,0,1,0,0.E+000,0.E+000,0.E+000,1.,1.,1.,1.,1.,1.,3.51,  0001863P0001644
2.954416667,2.347416667,3.51,2.889666667,2.4285,3.51,            0001863P0001645
2.800416667,2.467583333,0.E+000,1.,1.,0.E+000,0.E+000;           0001863P0001646
126,2,2,1,0,1,0,0.E+000,0.E+000,0.E+000,1.,1.,1.,1.,1.,1.,3.51,  0001865P0001647
2.800416667,2.467583333,3.51,2.711166667,2.506666667,3.51,       0001865P0001648
2.607333333,2.506666667,0.E+000,1.,1.,0.E+000,0.E+000;           0001865P0001649
126,2,2,1,0,1,0,0.E+000,0.E+000,0.E+000,1.,1.,1.,1.,1.,1.,3.51,  0001867P0001650
2.607333333,2.506666667,3.51,2.5035,2.506666667,3.51,            0001867P0001651
2.414833333,2.467583333,0.E+000,1.,1.,0.E+000,0.E+000;           0001867P0001652
126,2,2,1,0,1,0,0.E+000,0.E+000,0.E+000,1.,1.,1.,1.,1.,1.,3.51,  0001869P0001653
2.414833333,2.467583333,3.51,2.32675,2.4285,3.51,2.262,          0001869P0001654
2.347416667,0.E+000,1.,1.,0.E+000,0.E+000;                       0001869P0001655
126,2,2,1,0,1,0,0.E+000,0.E+000,0.E+000,1.,1.,1.,1.,1.,1.,3.51,  0001871P0001656
2.262,2.347416667,3.51,2.197833333,2.266916667,3.51,2.161083333, 0001871P0001657
2.143833333,0.E+000,1.,1.,0.E+000,0.E+000;                       0001871P0001658
126,2,2,1,0,1,0,0.E+000,0.E+000,0.E+000,1.,1.,1.,1.,1.,1.,3.51,  0001873P0001659
2.161083333,2.143833333,3.51,2.124916667,2.021333333,3.51,       0001873P0001660
2.124916667,1.853916667,0.E+000,1.,1.,0.E+000,0.E+000;           0001873P0001661
126,2,2,1,0,1,0,0.E+000,0.E+000,0.E+000,1.,1.,1.,1.,1.,1.,3.51,  0001875P0001662
2.124916667,1.853916667,3.51,2.124916667,1.685916667,3.51,       0001875P0001663
2.161083333,1.562833333,0.E+000,1.,1.,0.E+000,0.E+000;           0001875P0001664
126,2,2,1,0,1,0,0.E+000,0.E+000,0.E+000,1.,1.,1.,1.,1.,1.,3.51,  0001877P0001665
2.161083333,1.562833333,3.51,2.197833333,1.440333333,3.51,2.262, 0001877P0001666
1.35925,0.E+000,1.,1.,0.E+000,0.E+000;                           0001877P0001667
126,2,2,1,0,1,0,0.E+000,0.E+000,0.E+000,1.,1.,1.,1.,1.,1.,3.51,  0001879P0001668
2.262,1.35925,3.51,2.32675,1.27875,3.51,2.414833333,1.239083333, 0001879P0001669
0.E+000,1.,1.,0.E+000,0.E+000;                                   0001879P0001670
126,2,2,1,0,1,0,0.E+000,0.E+000,0.E+000,1.,1.,1.,1.,1.,1.,3.51,  0001881P0001671
2.414833333,1.239083333,3.51,2.5035,1.2,3.51,2.607333333,1.2,    0001881P0001672
0.E+000,1.,1.,0.E+000,0.E+000;                                   0001881P0001673
126,2,2,1,0,1,0,0.E+000,0.E+000,0.E+000,1.,1.,1.,1.,1.,1.,3.51,  0001883P0001674
2.607333333,1.2,3.51,2.711166667,1.2,3.51,2.800416667,           0001883P0001675
1.239083333,0.E+000,1.,1.,0.E+000,0.E+000;                       0001883P0001676
126,2,2,1,0,1,0,0.E+000,0.E+000,0.E+000,1.,1.,1.,1.,1.,1.,3.51,  0001885P0001677
2.800416667,1.239083333,3.51,2.889666667,1.27875,3.51,           0001885P0001678
2.954416667,1.35925,0.E+000,1.,1.,0.E+000,0.E+000;               0001885P0001679
126,2,2,1,0,1,0,0.E+000,0.E+000,0.E+000,1.,1.,1.,1.,1.,1.,3.51,  0001887P0001680
2.954416667,1.35925,3.51,3.019166667,1.440333333,3.51,           0001887P0001681
3.055916667,1.562833333,0.E+000,1.,1.,0.E+000,0.E+000;           0001887P0001682
126,2,2,1,0,1,0,0.E+000,0.E+000,0.E+000,1.,1.,1.,1.,1.,1.,3.51,  0001889P0001683
3.055916667,1.562833333,3.51,3.092666667,1.685916667,3.51,       0001889P0001684
3.092666667,1.853916667,0.E+000,1.,1.,0.E+000,0.E+000;           0001889P0001685
142,0,1853,0,1893,2;                                             0001891P0001686
102,16,1895,1897,1899,1901,1903,1905,1907,1909,1911,1913,1915,   0001893P0001687
1917,1919,1921,1923,1925;                                        0001893P0001688
126,2,2,1,0,1,0,0.E+000,0.E+000,0.E+000,1.,1.,1.,1.,1.,1.,3.51,  0001895P0001689
2.80625,1.853916667,3.51,2.80625,1.722083333,3.51,2.78875,       0001895P0001690
1.638666667,0.E+000,1.,-1.,0.E+000,0.E+000;                      0001895P0001691
126,2,2,1,0,1,0,0.E+000,0.E+000,0.E+000,1.,1.,1.,1.,1.,1.,3.51,  0001897P0001692
2.78875,1.638666667,3.51,2.771833333,1.555833333,3.51,           0001897P0001693
2.743833333,1.507416667,0.E+000,1.,-1.,0.E+000,0.E+000;          0001897P0001694
126,2,2,1,0,1,0,0.E+000,0.E+000,0.E+000,1.,1.,1.,1.,1.,1.,3.51,  0001899P0001695
2.743833333,1.507416667,3.51,2.715833333,1.459583333,3.51,       0001899P0001696
2.679666667,1.4415,0.E+000,1.,-1.,0.E+000,0.E+000;               0001899P0001697
126,2,2,1,0,1,0,0.E+000,0.E+000,0.E+000,1.,1.,1.,1.,1.,1.,3.51,  0001901P0001698
2.679666667,1.4415,3.51,2.644083333,1.424,3.51,2.607333333,      0001901P0001699
1.424,0.E+000,1.,-1.,0.E+000,0.E+000;                            0001901P0001700
126,2,2,1,0,1,0,0.E+000,0.E+000,0.E+000,1.,1.,1.,1.,1.,1.,3.51,  0001903P0001701
2.607333333,1.424,3.51,2.570583333,1.424,3.51,2.535,1.4415,      0001903P0001702
0.E+000,1.,-1.,0.E+000,0.E+000;                                  0001903P0001703
126,2,2,1,0,1,0,0.E+000,0.E+000,0.E+000,1.,1.,1.,1.,1.,1.,3.51,  0001905P0001704
2.535,1.4415,3.51,2.499416667,1.459583333,3.51,2.472,            0001905P0001705
1.507416667,0.E+000,1.,-1.,0.E+000,0.E+000;                      0001905P0001706
126,2,2,1,0,1,0,0.E+000,0.E+000,0.E+000,1.,1.,1.,1.,1.,1.,3.51,  0001907P0001707
2.472,1.507416667,3.51,2.445166667,1.555833333,3.51,2.42825,     0001907P0001708
1.638666667,0.E+000,1.,-1.,0.E+000,0.E+000;                      0001907P0001709
126,2,2,1,0,1,0,0.E+000,0.E+000,0.E+000,1.,1.,1.,1.,1.,1.,3.51,  0001909P0001710
2.42825,1.638666667,3.51,2.411916667,1.722083333,3.51,           0001909P0001711
2.411916667,1.853916667,0.E+000,1.,-1.,0.E+000,0.E+000;          0001909P0001712
126,2,2,1,0,1,0,0.E+000,0.E+000,0.E+000,1.,1.,1.,1.,1.,1.,3.51,  0001911P0001713
2.411916667,1.853916667,3.51,2.411916667,1.984583333,3.51,       0001911P0001714
2.42825,2.068,0.E+000,1.,-1.,0.E+000,0.E+000;                    0001911P0001715
126,2,2,1,0,1,0,0.E+000,0.E+000,0.E+000,1.,1.,1.,1.,1.,1.,3.51,  0001913P0001716
2.42825,2.068,3.51,2.445166667,2.152,3.51,2.472,2.19925,0.E+000, 0001913P0001717
1.,-1.,0.E+000,0.E+000;                                          0001913P0001718
126,2,2,1,0,1,0,0.E+000,0.E+000,0.E+000,1.,1.,1.,1.,1.,1.,3.51,  0001915P0001719
2.472,2.19925,3.51,2.499416667,2.247083333,3.51,2.535,           0001915P0001720
2.264583333,0.E+000,1.,-1.,0.E+000,0.E+000;                      0001915P0001721
126,2,2,1,0,1,0,0.E+000,0.E+000,0.E+000,1.,1.,1.,1.,1.,1.,3.51,  0001917P0001722
2.535,2.264583333,3.51,2.570583333,2.282666667,3.51,2.607333333, 0001917P0001723
2.282666667,0.E+000,1.,-1.,0.E+000,0.E+000;                      0001917P0001724
126,2,2,1,0,1,0,0.E+000,0.E+000,0.E+000,1.,1.,1.,1.,1.,1.,3.51,  0001919P0001725
2.607333333,2.282666667,3.51,2.644083333,2.282666667,3.51,       0001919P0001726
2.679666667,2.264583333,0.E+000,1.,-1.,0.E+000,0.E+000;          0001919P0001727
126,2,2,1,0,1,0,0.E+000,0.E+000,0.E+000,1.,1.,1.,1.,1.,1.,3.51,  0001921P0001728
2.679666667,2.264583333,3.51,2.715833333,2.247083333,3.51,       0001921P0001729
2.743833333,2.19925,0.E+000,1.,-1.,0.E+000,0.E+000;              0001921P0001730
126,2,2,1,0,1,0,0.E+000,0.E+000,0.E+000,1.,1.,1.,1.,1.,1.,3.51,  0001923P0001731
2.743833333,2.19925,3.51,2.771833333,2.152,3.51,2.78875,2.068,   0001923P0001732
0.E+000,1.,-1.,0.E+000,0.E+000;                                  0001923P0001733
126,2,2,1,0,1,0,0.E+000,0.E+000,0.E+000,1.,1.,1.,1.,1.,1.,3.51,  0001925P0001734
2.78875,2.068,3.51,2.80625,1.984583333,3.51,2.80625,1.853916667, 0001925P0001735
0.E+000,1.,-1.,0.E+000,0.E+000;                                  0001925P0001736
144,1929,1,0,1931;                                               0001927P0001737
108,-1.,2.220446049E-016,-1.110223025E-016,-3.51,0,3.51,         0001929P0001738
-2.035416667,4.782666667,0.E+000;                                0001929P0001739
142,0,1929,0,1933,2;                                             0001931P0001740
102,8,1935,1937,1939,1941,1943,1945,1947,1949;                   0001933P0001741
110,3.51,-2.035416667,4.782666667,3.51,-2.402916667,4.782666667; 0001935P0001742
110,3.51,-2.402916667,4.782666667,3.51,-2.402916667,3.7;         0001937P0001743
110,3.51,-2.402916667,3.7,3.51,-2.705666667,3.7;                 0001939P0001744
110,3.51,-2.705666667,3.7,3.51,-2.705666667,4.782666667;         0001941P0001745
110,3.51,-2.705666667,4.782666667,3.51,-3.073166667,4.782666667; 0001943P0001746
110,3.51,-3.073166667,4.782666667,3.51,-3.073166667,5.006666667; 0001945P0001747
110,3.51,-3.073166667,5.006666667,3.51,-2.035416667,5.006666667; 0001947P0001748
110,3.51,-2.035416667,5.006666667,3.51,-2.035416667,4.782666667; 0001949P0001749
144,1953,1,0,1955;                                               0001951P0001750
108,-1.,2.220446049E-016,-1.110223025E-016,-3.51,0,3.51,         0001953P0001751
-1.58625,4.782666667,0.E+000;                                    0001953P0001752
142,0,1953,0,1957,2;                                             0001955P0001753
102,10,1959,1961,1963,1965,1967,1969,1971,1973,1975,1977;        0001957P0001754
110,3.51,-1.58625,4.782666667,3.51,-1.58625,4.446666667;         0001959P0001755
110,3.51,-1.58625,4.446666667,3.51,-1.14,4.446666667;            0001961P0001756
110,3.51,-1.14,4.446666667,3.51,-1.14,4.222666667;               0001963P0001757
110,3.51,-1.14,4.222666667,3.51,-1.58625,4.222666667;            0001965P0001758
110,3.51,-1.58625,4.222666667,3.51,-1.58625,3.7;                 0001967P0001759
110,3.51,-1.58625,3.7,3.51,-1.89075,3.7;                         0001969P0001760
110,3.51,-1.89075,3.7,3.51,-1.89075,5.006666667;                 0001971P0001761
110,3.51,-1.89075,5.006666667,3.51,-1.05075,5.006666667;         0001973P0001762
110,3.51,-1.05075,5.006666667,3.51,-1.05075,4.782666667;         0001975P0001763
110,3.51,-1.05075,4.782666667,3.51,-1.58625,4.782666667;         0001977P0001764
144,1981,1,0,1983;                                               0001979P0001765
108,-1.,2.220446049E-016,-1.110223025E-016,-3.51,0,3.51,-0.58,   0001981P0001766
4.484,0.E+000;                                                   0001981P0001767
142,0,1981,0,1985,2;                                             0001983P0001768
102,25,1987,1989,1991,1993,1995,1997,1999,2001,2003,2005,2007,   0001985P0001769
2009,2011,2013,2015,2017,2019,2021,2023,2025,2027,2029,2031,     0001985P0001770
2033,2035;                                                       0001985P0001771
110,3.51,-0.58,4.484,3.51,-0.531583333,4.484;                    0001987P0001772
126,2,2,1,0,1,0,0.E+000,0.E+000,0.E+000,1.,1.,1.,1.,1.,1.,3.51,  0001989P0001773
-0.531583333,4.484,3.51,-0.4645,4.484,3.51,-0.43475,4.525416667, 0001989P0001774
0.E+000,1.,1.,0.E+000,0.E+000;                                   0001989P0001775
110,3.51,-0.43475,4.525416667,3.51,-0.141333333,4.947166667;     0001991P0001776
126,2,2,1,0,1,0,0.E+000,0.E+000,0.E+000,1.,1.,1.,1.,1.,1.,3.51,  0001993P0001777
-0.141333333,4.947166667,3.51,-0.115083333,4.981,3.51,           0001993P0001778
-8.533333333E-002,4.993833333,0.E+000,1.,-1.,0.E+000,0.E+000;    0001993P0001779
126,2,2,1,0,1,0,0.E+000,0.E+000,0.E+000,1.,1.,1.,1.,1.,1.,3.51,  0001995P0001780
-8.533333333E-002,4.993833333,3.51,-5.5E-002,5.006666667,3.51,   0001995P0001781
-1.008333333E-002,5.006666667,0.E+000,1.,1.,-0.E+000,            0001995P0001782
4.815077089E-014;                                                0001995P0001783
110,3.51,-1.008333333E-002,5.006666667,3.51,0.253,5.006666667;   0001997P0001784
110,3.51,0.253,5.006666667,3.51,-0.13375,4.48225;                0001999P0001785
126,2,2,1,0,1,0,0.E+000,0.E+000,0.E+000,1.,1.,1.,1.,1.,1.,3.51,  0002001P0001786
-0.13375,4.48225,3.51,-0.175166667,4.428,3.51,-0.222416667,      0002001P0001787
4.404083333,0.E+000,1.,-1.,0.E+000,0.E+000;                      0002001P0001788
126,2,2,1,0,1,0,0.E+000,0.E+000,0.E+000,1.,1.,1.,1.,1.,1.,3.51,  0002003P0001789
-0.222416667,4.404083333,3.51,-0.188583333,4.39125,3.51,         0002003P0001790
-0.161166667,4.3685,0.E+000,1.,-1.,0.E+000,0.E+000;              0002003P0001791
126,2,2,1,0,1,0,0.E+000,0.E+000,0.E+000,1.,1.,1.,1.,1.,1.,3.51,  0002005P0001792
-0.161166667,4.3685,3.51,-0.133166667,4.346333333,3.51,          0002005P0001793
-0.108666667,4.310166667,0.E+000,1.,-1.,0.E+000,0.E+000;         0002005P0001794
110,3.51,-0.108666667,4.310166667,3.51,0.285666667,3.7;          0002007P0001795
110,3.51,0.285666667,3.7,3.51,1.5E-002,3.7;                      0002009P0001796
126,2,2,1,0,1,0,0.E+000,0.E+000,0.E+000,1.,1.,1.,1.,1.,1.,3.51,  0002011P0001797
1.5E-002,3.7,3.51,-1.125E-002,3.7,3.51,-2.991666667E-002,3.7035, 0002011P0001798
0.E+000,1.,1.,-0.E+000,1.510507516E-013;                         0002011P0001799
126,2,2,1,0,1,0,0.E+000,0.E+000,0.E+000,1.,1.,1.,1.,1.,1.,3.51,  0002013P0001800
-2.991666667E-002,3.7035,3.51,-4.8E-002,3.707,3.51,              0002013P0001801
-6.141666667E-002,3.714,0.E+000,1.,-1.,0.E+000,0.E+000;          0002013P0001802
126,2,2,1,0,1,0,0.E+000,0.E+000,0.E+000,1.,1.,1.,1.,1.,1.,3.51,  0002015P0001803
-6.141666667E-002,3.714,3.51,-7.483333333E-002,3.721583333,3.51, 0002015P0001804
-8.475E-002,3.732083333,0.E+000,1.,1.,-0.E+000,4.226290461E-013; 0002015P0001805
126,2,2,1,0,1,0,0.E+000,0.E+000,0.E+000,1.,1.,1.,1.,1.,1.,3.51,  0002017P0001806
-8.475E-002,3.732083333,3.51,-9.466666667E-002,3.742583333,3.51, 0002017P0001807
-0.103416667,3.756,0.E+000,1.,-1.,0.E+000,0.E+000;               0002017P0001808
110,3.51,-0.103416667,3.756,3.51,-0.399166667,4.213916667;       0002019P0001809
126,2,2,1,0,1,0,0.E+000,0.E+000,0.E+000,1.,1.,1.,1.,1.,1.,3.51,  0002021P0001810
-0.399166667,4.213916667,3.51,-0.4155,4.239,3.51,-0.44,4.2495,   0002021P0001811
0.E+000,1.,1.,0.E+000,0.E+000;                                   0002021P0001812
126,2,2,1,0,1,0,0.E+000,0.E+000,0.E+000,1.,1.,1.,1.,1.,1.,3.51,  0002023P0001813
-0.44,4.2495,3.51,-0.4645,4.26,3.51,-0.5065,4.26,0.E+000,1.,1.,  0002023P0001814
0.E+000,0.E+000;                                                 0002023P0001815
110,3.51,-0.5065,4.26,3.51,-0.58,4.26;                           0002025P0001816
110,3.51,-0.58,4.26,3.51,-0.58,3.7;                              0002027P0001817
110,3.51,-0.58,3.7,3.51,-0.88275,3.7;                            0002029P0001818
110,3.51,-0.88275,3.7,3.51,-0.88275,5.006666667;                 0002031P0001819
110,3.51,-0.88275,5.006666667,3.51,-0.58,5.006666667;            0002033P0001820
110,3.51,-0.58,5.006666667,3.51,-0.58,4.484;                     0002035P0001821
144,2039,1,0,2041;                                               0002037P0001822
108,1.,-4.440892099E-016,1.972152263E-031,3.51,0,3.51,2.3585,    0002039P0001823
4.813333333,0.E+000;                                             0002039P0001824
142,0,2039,0,2043,2;                                             0002041P0001825
102,17,2045,2047,2049,2051,2053,2055,2057,2059,2061,2063,2065,   0002043P0001826
2067,2069,2071,2073,2075,2077;                                   0002043P0001827
110,3.51,2.3585,4.813333333,3.51,2.573166667,4.813333333;        0002045P0001828
110,3.51,2.573166667,4.813333333,3.51,2.573166667,3.693333333;   0002047P0001829
110,3.51,2.573166667,3.693333333,3.51,2.803,3.693333333;         0002049P0001830
110,3.51,2.803,3.693333333,3.51,3.209583333,4.045666667;         0002051P0001831
110,3.51,3.209583333,4.045666667,3.51,3.1215,4.16175;            0002053P0001832
126,2,2,1,0,1,0,0.E+000,0.E+000,0.E+000,1.,1.,1.,1.,1.,1.,3.51,  0002055P0001833
3.1215,4.16175,3.51,3.115666667,4.171083333,3.51,3.10225,        0002055P0001834
4.179833333,0.E+000,1.,1.,0.E+000,0.E+000;                       0002055P0001835
126,2,2,1,0,1,0,0.E+000,0.E+000,0.E+000,1.,1.,1.,1.,1.,1.,3.51,  0002057P0001836
3.10225,4.179833333,3.51,3.088833333,4.188,3.51,3.071916667,     0002057P0001837
4.1915,0.E+000,1.,1.,0.E+000,0.E+000;                            0002057P0001838
126,2,2,1,0,1,0,0.E+000,0.E+000,0.E+000,1.,1.,1.,1.,1.,1.,3.51,  0002059P0001839
3.071916667,4.1915,3.51,3.054416667,4.194416667,3.51,            0002059P0001840
3.035166667,4.1915,0.E+000,1.,1.,0.E+000,0.E+000;                0002059P0001841
126,2,2,1,0,1,0,0.E+000,0.E+000,0.E+000,1.,1.,1.,1.,1.,1.,3.51,  0002061P0001842
3.035166667,4.1915,3.51,3.015916667,4.188,3.51,2.996083333,      0002061P0001843
4.172833333,0.E+000,1.,1.,0.E+000,0.E+000;                       0002061P0001844
110,3.51,2.996083333,4.172833333,3.51,2.847333333,4.049166667;   0002063P0001845
126,2,2,1,0,1,0,0.E+000,0.E+000,0.E+000,1.,1.,1.,1.,1.,1.,3.51,  0002065P0001846
2.847333333,4.049166667,3.51,2.849083333,4.075416667,3.51,       0002065P0001847
2.85025,4.101083333,0.E+000,1.,1.,0.E+000,0.E+000;               0002065P0001848
126,2,2,1,0,1,0,0.E+000,0.E+000,0.E+000,1.,1.,1.,1.,1.,1.,3.51,  0002067P0001849
2.85025,4.101083333,3.51,2.850833333,4.12675,3.51,2.850833333,   0002067P0001850
4.151833333,0.E+000,1.,1.,0.E+000,0.E+000;                       0002067P0001851
110,3.51,2.850833333,4.151833333,3.51,2.850833333,4.813333333;   0002069P0001852
110,3.51,2.850833333,4.813333333,3.51,3.10225,4.813333333;       0002071P0001853
110,3.51,3.10225,4.813333333,3.51,3.10225,5.;                    0002073P0001854
110,3.51,3.10225,5.,3.51,2.3585,5.;                              0002075P0001855
110,3.51,2.3585,5.,3.51,2.3585,4.813333333;                      0002077P0001856
144,2081,1,0,2083;                                               0002079P0001857
108,1.,-4.440892099E-016,1.972152263E-031,3.51,0,3.51,           0002081P0001858
2.175916667,4.07775,0.E+000;                                     0002081P0001859
142,0,2081,0,2085,2;                                             0002083P0001860
102,46,2087,2089,2091,2093,2095,2097,2099,2101,2103,2105,2107,   0002085P0001861
2109,2111,2113,2115,2117,2119,2121,2123,2125,2127,2129,2131,     0002085P0001862
2133,2135,2137,2139,2141,2143,2145,2147,2149,2151,2153,2155,     0002085P0001863
2157,2159,2161,2163,2165,2167,2169,2171,2173,2175,2177;          0002085P0001864
110,3.51,2.175916667,4.07775,3.51,2.028916667,4.104;             0002087P0001865
126,2,2,1,0,1,0,0.E+000,0.E+000,0.E+000,1.,1.,1.,1.,1.,1.,3.51,  0002089P0001866
2.028916667,4.104,3.51,1.972333333,4.11275,3.51,1.942,4.097,     0002089P0001867
0.E+000,1.,1.,0.E+000,0.E+000;                                   0002089P0001868
126,2,2,1,0,1,0,0.E+000,0.E+000,0.E+000,1.,1.,1.,1.,1.,1.,3.51,  0002091P0001869
1.942,4.097,3.51,1.911666667,4.080666667,3.51,1.892416667,       0002091P0001870
4.031083333,0.E+000,1.,1.,0.E+000,0.E+000;                       0002091P0001871
126,2,2,1,0,1,0,0.E+000,0.E+000,0.E+000,1.,1.,1.,1.,1.,1.,3.51,  0002093P0001872
1.892416667,4.031083333,3.51,1.876666667,3.982666667,3.51,       0002093P0001873
1.834083333,3.95,0.E+000,1.,-1.,0.E+000,0.E+000;                 0002093P0001874
126,2,2,1,0,1,0,0.E+000,0.E+000,0.E+000,1.,1.,1.,1.,1.,1.,3.51,  0002095P0001875
1.834083333,3.95,3.51,1.7915,3.917333333,3.51,1.729666667,       0002095P0001876
3.917333333,0.E+000,1.,-1.,0.E+000,0.E+000;                      0002095P0001877
126,2,2,1,0,1,0,0.E+000,0.E+000,0.E+000,1.,1.,1.,1.,1.,1.,3.51,  0002097P0001878
1.729666667,3.917333333,3.51,1.65325,3.917333333,3.51,1.6165,    0002097P0001879
3.95525,0.E+000,1.,-1.,0.E+000,0.E+000;                          0002097P0001880
126,2,2,1,0,1,0,0.E+000,0.E+000,0.E+000,1.,1.,1.,1.,1.,1.,3.51,  0002099P0001881
1.6165,3.95525,3.51,1.579166667,3.992583333,3.51,1.579166667,    0002099P0001882
4.062583333,0.E+000,1.,-1.,0.E+000,0.E+000;                      0002099P0001883
126,2,2,1,0,1,0,0.E+000,0.E+000,0.E+000,1.,1.,1.,1.,1.,1.,3.51,  0002101P0001884
1.579166667,4.062583333,3.51,1.579166667,4.096416667,3.51,       0002101P0001885
1.5885,4.125,0.E+000,1.,-1.,0.E+000,0.E+000;                     0002101P0001886
126,2,2,1,0,1,0,0.E+000,0.E+000,0.E+000,1.,1.,1.,1.,1.,1.,3.51,  0002103P0001887
1.5885,4.125,3.51,1.59725,4.153583333,3.51,1.624666667,          0002103P0001888
4.173416667,0.E+000,1.,-1.,0.E+000,0.E+000;                      0002103P0001889
126,2,2,1,0,1,0,0.E+000,0.E+000,0.E+000,1.,1.,1.,1.,1.,1.,3.51,  0002105P0001890
1.624666667,4.173416667,3.51,1.6515,4.19325,3.51,1.701666667,    0002105P0001891
4.204916667,0.E+000,1.,-1.,0.E+000,0.E+000;                      0002105P0001892
126,2,2,1,0,1,0,0.E+000,0.E+000,0.E+000,1.,1.,1.,1.,1.,1.,3.51,  0002107P0001893
1.701666667,4.204916667,3.51,1.751833333,4.216,3.51,1.8335,      0002107P0001894
4.216,0.E+000,1.,-1.,0.E+000,0.E+000;                            0002107P0001895
110,3.51,1.8335,4.216,3.51,1.8335,4.402666667;                   0002109P0001896
126,2,2,1,0,1,0,0.E+000,0.E+000,0.E+000,1.,1.,1.,1.,1.,1.,3.51,  0002111P0001897
1.8335,4.402666667,3.51,1.736666667,4.402666667,3.51,            0002111P0001898
1.682416667,4.416083333,0.E+000,1.,-1.,-1.367290198E-012,        0002111P0001899
0.E+000;                                                         0002111P0001900
126,2,2,1,0,1,0,0.E+000,0.E+000,0.E+000,1.,1.,1.,1.,1.,1.,3.51,  0002113P0001901
1.682416667,4.416083333,3.51,1.628166667,4.4295,3.51,            0002113P0001902
1.601333333,4.454583333,0.E+000,1.,-1.,0.E+000,0.E+000;          0002113P0001903
126,2,2,1,0,1,0,0.E+000,0.E+000,0.E+000,1.,1.,1.,1.,1.,1.,3.51,  0002115P0001904
1.601333333,4.454583333,3.51,1.5745,4.479666667,3.51,            0002115P0001905
1.568666667,4.514666667,0.E+000,1.,-1.,0.E+000,0.E+000;          0002115P0001906
126,2,2,1,0,1,0,0.E+000,0.E+000,0.E+000,1.,1.,1.,1.,1.,1.,3.51,  0002117P0001907
1.568666667,4.514666667,3.51,1.562833333,4.549666667,3.51,       0002117P0001908
1.562833333,4.593416667,0.E+000,1.,-1.,0.E+000,0.E+000;          0002117P0001909
126,2,2,1,0,1,0,0.E+000,0.E+000,0.E+000,1.,1.,1.,1.,1.,1.,3.51,  0002119P0001910
1.562833333,4.593416667,3.51,1.562833333,4.62725,3.51,1.5745,    0002119P0001911
4.659916667,0.E+000,1.,-1.,0.E+000,0.E+000;                      0002119P0001912
126,2,2,1,0,1,0,0.E+000,0.E+000,0.E+000,1.,1.,1.,1.,1.,1.,3.51,  0002121P0001913
1.5745,4.659916667,3.51,1.586166667,4.692,3.51,1.608916667,      0002121P0001914
4.717666667,0.E+000,1.,-1.,0.E+000,0.E+000;                      0002121P0001915
126,2,2,1,0,1,0,0.E+000,0.E+000,0.E+000,1.,1.,1.,1.,1.,1.,3.51,  0002123P0001916
1.608916667,4.717666667,3.51,1.631666667,4.743333333,3.51,       0002123P0001917
1.666666667,4.759666667,0.E+000,1.,-1.,0.E+000,0.E+000;          0002123P0001918
126,2,2,1,0,1,0,0.E+000,0.E+000,0.E+000,1.,1.,1.,1.,1.,1.,3.51,  0002125P0001919
1.666666667,4.759666667,3.51,1.701083333,4.776,3.51,1.74775,     0002125P0001920
4.776,0.E+000,1.,-1.,0.E+000,0.E+000;                            0002125P0001921
126,2,2,1,0,1,0,0.E+000,0.E+000,0.E+000,1.,1.,1.,1.,1.,1.,3.51,  0002127P0001922
1.74775,4.776,3.51,1.808416667,4.776,3.51,1.853916667,           0002127P0001923
4.741583333,0.E+000,1.,-1.,1.701536498E-012,0.E+000;             0002127P0001924
126,2,2,1,0,1,0,0.E+000,0.E+000,0.E+000,1.,1.,1.,1.,1.,1.,3.51,  0002129P0001925
1.853916667,4.741583333,3.51,1.898833333,4.706583333,3.51,       0002129P0001926
1.939083333,4.630166667,0.E+000,1.,-1.,0.E+000,0.E+000;          0002129P0001927
126,2,2,1,0,1,0,0.E+000,0.E+000,0.E+000,1.,1.,1.,1.,1.,1.,3.51,  0002131P0001928
1.939083333,4.630166667,3.51,1.957166667,4.598083333,3.51,       0002131P0001929
1.998583333,4.589333333,0.E+000,1.,1.,0.E+000,0.E+000;           0002131P0001930
126,2,2,1,0,1,0,0.E+000,0.E+000,0.E+000,1.,1.,1.,1.,1.,1.,3.51,  0002133P0001931
1.998583333,4.589333333,3.51,2.039416667,4.58,3.51,2.087833333,  0002133P0001932
4.59925,0.E+000,1.,1.,0.E+000,0.E+000;                           0002133P0001933
110,3.51,2.087833333,4.59925,3.51,2.2115,4.649416667;            0002135P0001934
126,2,2,1,0,1,0,0.E+000,0.E+000,0.E+000,1.,1.,1.,1.,1.,1.,3.51,  0002137P0001935
2.2115,4.649416667,3.51,2.180583333,4.741,3.51,2.138,4.8075,     0002137P0001936
0.E+000,1.,1.,0.E+000,0.E+000;                                   0002137P0001937
126,2,2,1,0,1,0,0.E+000,0.E+000,0.E+000,1.,1.,1.,1.,1.,1.,3.51,  0002139P0001938
2.138,4.8075,3.51,2.095416667,4.874,3.51,2.038833333,            0002139P0001939
4.917166667,0.E+000,1.,1.,0.E+000,0.E+000;                       0002139P0001940
126,2,2,1,0,1,0,0.E+000,0.E+000,0.E+000,1.,1.,1.,1.,1.,1.,3.51,  0002141P0001941
2.038833333,4.917166667,3.51,1.98225,4.95975,3.51,1.909916667,   0002141P0001942
4.980166667,0.E+000,1.,1.,0.E+000,0.E+000;                       0002141P0001943
126,2,2,1,0,1,0,0.E+000,0.E+000,0.E+000,1.,1.,1.,1.,1.,1.,3.51,  0002143P0001944
1.909916667,4.980166667,3.51,1.837,5.,3.51,1.743666667,5.,       0002143P0001945
0.E+000,1.,1.,-1.91923308E-012,0.E+000;                          0002143P0001946
126,2,2,1,0,1,0,0.E+000,0.E+000,0.E+000,1.,1.,1.,1.,1.,1.,3.51,  0002145P0001947
1.743666667,5.,3.51,1.65325,5.,3.51,1.570416667,4.974333333,     0002145P0001948
0.E+000,1.,1.,0.E+000,0.E+000;                                   0002145P0001949
126,2,2,1,0,1,0,0.E+000,0.E+000,0.E+000,1.,1.,1.,1.,1.,1.,3.51,  0002147P0001950
1.570416667,4.974333333,3.51,1.487,4.948666667,3.51,1.424,       0002147P0001951
4.897333333,0.E+000,1.,1.,0.E+000,0.E+000;                       0002147P0001952
126,2,2,1,0,1,0,0.E+000,0.E+000,0.E+000,1.,1.,1.,1.,1.,1.,3.51,  0002149P0001953
1.424,4.897333333,3.51,1.360416667,4.845416667,3.51,1.323083333, 0002149P0001954
4.767833333,0.E+000,1.,1.,0.E+000,0.E+000;                       0002149P0001955
126,2,2,1,0,1,0,0.E+000,0.E+000,0.E+000,1.,1.,1.,1.,1.,1.,3.51,  0002151P0001956
1.323083333,4.767833333,3.51,1.285166667,4.689666667,3.51,       0002151P0001957
1.285166667,4.58525,0.E+000,1.,1.,0.E+000,0.E+000;               0002151P0001958
126,2,2,1,0,1,0,0.E+000,0.E+000,0.E+000,1.,1.,1.,1.,1.,1.,3.51,  0002153P0001959
1.285166667,4.58525,3.51,1.285166667,4.363583333,3.51,           0002153P0001960
1.502166667,4.286583333,0.E+000,1.,1.,0.E+000,0.E+000;           0002153P0001961
126,2,2,1,0,1,0,0.E+000,0.E+000,0.E+000,1.,1.,1.,1.,1.,1.,3.51,  0002155P0001962
1.502166667,4.286583333,3.51,1.4555,4.271416667,3.51,            0002155P0001963
1.419333333,4.24925,0.E+000,1.,1.,0.E+000,0.E+000;               0002155P0001964
126,2,2,1,0,1,0,0.E+000,0.E+000,0.E+000,1.,1.,1.,1.,1.,1.,3.51,  0002157P0001965
1.419333333,4.24925,3.51,1.382583333,4.2265,3.51,1.358083333,    0002157P0001966
4.193833333,0.E+000,1.,1.,0.E+000,0.E+000;                       0002157P0001967
126,2,2,1,0,1,0,0.E+000,0.E+000,0.E+000,1.,1.,1.,1.,1.,1.,3.51,  0002159P0001968
1.358083333,4.193833333,3.51,1.333583333,4.161166667,3.51,       0002159P0001969
1.321333333,4.116833333,0.E+000,1.,1.,0.E+000,0.E+000;           0002159P0001970
126,2,2,1,0,1,0,0.E+000,0.E+000,0.E+000,1.,1.,1.,1.,1.,1.,3.51,  0002161P0001971
1.321333333,4.116833333,3.51,1.3085,4.071916667,3.51,1.3085,     0002161P0001972
4.013583333,0.E+000,1.,1.,0.E+000,0.E+000;                       0002161P0001973
126,2,2,1,0,1,0,0.E+000,0.E+000,0.E+000,1.,1.,1.,1.,1.,1.,3.51,  0002163P0001974
1.3085,4.013583333,3.51,1.3085,3.949416667,3.51,1.335333333,     0002163P0001975
3.891666667,0.E+000,1.,1.,0.E+000,0.E+000;                       0002163P0001976
126,2,2,1,0,1,0,0.E+000,0.E+000,0.E+000,1.,1.,1.,1.,1.,1.,3.51,  0002165P0001977
1.335333333,3.891666667,3.51,1.362166667,3.833333333,3.51,       0002165P0001978
1.414083333,3.789583333,0.E+000,1.,1.,0.E+000,0.E+000;           0002165P0001979
126,2,2,1,0,1,0,0.E+000,0.E+000,0.E+000,1.,1.,1.,1.,1.,1.,3.51,  0002167P0001980
1.414083333,3.789583333,3.51,1.466,3.74525,3.51,1.54125,         0002167P0001981
3.719583333,0.E+000,1.,1.,0.E+000,0.E+000;                       0002167P0001982
126,2,2,1,0,1,0,0.E+000,0.E+000,0.E+000,1.,1.,1.,1.,1.,1.,3.51,  0002169P0001983
1.54125,3.719583333,3.51,1.6165,3.693333333,3.51,1.713333333,    0002169P0001984
3.693333333,0.E+000,1.,1.,0.E+000,0.E+000;                       0002169P0001985
126,2,2,1,0,1,0,0.E+000,0.E+000,0.E+000,1.,1.,1.,1.,1.,1.,3.51,  0002171P0001986
1.713333333,3.693333333,3.51,1.803166667,3.693333333,3.51,       0002171P0001987
1.881333333,3.716666667,0.E+000,1.,1.,0.E+000,0.E+000;           0002171P0001988
126,2,2,1,0,1,0,0.E+000,0.E+000,0.E+000,1.,1.,1.,1.,1.,1.,3.51,  0002173P0001989
1.881333333,3.716666667,3.51,1.958916667,3.74,3.51,2.019583333,  0002173P0001990
3.787833333,0.E+000,1.,1.,0.E+000,0.E+000;                       0002173P0001991
126,2,2,1,0,1,0,0.E+000,0.E+000,0.E+000,1.,1.,1.,1.,1.,1.,3.51,  0002175P0001992
2.019583333,3.787833333,3.51,2.079666667,3.835666667,3.51,       0002175P0001993
2.1205,3.908,0.E+000,1.,1.,0.E+000,0.E+000;                      0002175P0001994
126,2,2,1,0,1,0,0.E+000,0.E+000,0.E+000,1.,1.,1.,1.,1.,1.,3.51,  0002177P0001995
2.1205,3.908,3.51,2.161333333,3.980333333,3.51,2.175916667,      0002177P0001996
4.07775,0.E+000,1.,1.,0.E+000,0.E+000;                           0002177P0001997
144,2181,1,2,2183,2243,2279;                                     0002179P0001998
108,1.,-4.440892099E-016,1.972152263E-031,3.51,0,3.51,           0002181P0001999
0.443416667,4.31925,0.E+000;                                     0002181P0002000
142,0,2181,0,2185,2;                                             0002183P0002001
102,28,2187,2189,2191,2193,2195,2197,2199,2201,2203,2205,2207,   0002185P0002002
2209,2211,2213,2215,2217,2219,2221,2223,2225,2227,2229,2231,     0002185P0002003
2233,2235,2237,2239,2241;                                        0002185P0002004
126,2,2,1,0,1,0,0.E+000,0.E+000,0.E+000,1.,1.,1.,1.,1.,1.,3.51,  0002187P0002005
0.443416667,4.31925,3.51,0.35475,4.279583333,3.51,0.311,         0002187P0002006
4.210166667,0.E+000,1.,1.,0.E+000,0.E+000;                       0002187P0002007
126,2,2,1,0,1,0,0.E+000,0.E+000,0.E+000,1.,1.,1.,1.,1.,1.,3.51,  0002189P0002008
0.311,4.210166667,3.51,0.266666667,4.140166667,3.51,0.266666667, 0002189P0002009
4.041583333,0.E+000,1.,1.,0.E+000,0.E+000;                       0002189P0002010
126,2,2,1,0,1,0,0.E+000,0.E+000,0.E+000,1.,1.,1.,1.,1.,1.,3.51,  0002191P0002011
0.266666667,4.041583333,3.51,0.266666667,3.966916667,3.51,       0002191P0002012
0.298166667,3.903333333,0.E+000,1.,1.,0.E+000,0.E+000;           0002191P0002013
126,2,2,1,0,1,0,0.E+000,0.E+000,0.E+000,1.,1.,1.,1.,1.,1.,3.51,  0002193P0002014
0.298166667,3.903333333,3.51,0.329666667,3.83975,3.51,0.38625,   0002193P0002015
3.793666667,0.E+000,1.,1.,0.E+000,0.E+000;                       0002193P0002016
126,2,2,1,0,1,0,0.E+000,0.E+000,0.E+000,1.,1.,1.,1.,1.,1.,3.51,  0002195P0002017
0.38625,3.793666667,3.51,0.44225,3.747,3.51,0.519833333,         0002195P0002018
3.720166667,0.E+000,1.,1.,0.E+000,0.E+000;                       0002195P0002019
126,2,2,1,0,1,0,0.E+000,0.E+000,0.E+000,1.,1.,1.,1.,1.,1.,3.51,  0002197P0002020
0.519833333,3.720166667,3.51,0.597416667,3.693333333,3.51,       0002197P0002021
0.689583333,3.693333333,0.E+000,1.,1.,0.E+000,0.E+000;           0002197P0002022
126,2,2,1,0,1,0,0.E+000,0.E+000,0.E+000,1.,1.,1.,1.,1.,1.,3.51,  0002199P0002023
0.689583333,3.693333333,3.51,0.78175,3.693333333,3.51,           0002199P0002024
0.859333333,3.719583333,0.E+000,1.,1.,0.E+000,0.E+000;           0002199P0002025
126,2,2,1,0,1,0,0.E+000,0.E+000,0.E+000,1.,1.,1.,1.,1.,1.,3.51,  0002201P0002026
0.859333333,3.719583333,3.51,0.936916667,3.74525,3.51,0.9935,    0002201P0002027
3.79075,0.E+000,1.,1.,0.E+000,0.E+000;                           0002201P0002028
126,2,2,1,0,1,0,0.E+000,0.E+000,0.E+000,1.,1.,1.,1.,1.,1.,3.51,  0002203P0002029
0.9935,3.79075,3.51,1.050083333,3.83625,3.51,1.081583333,        0002203P0002030
3.898666667,0.E+000,1.,1.,0.E+000,0.E+000;                       0002203P0002031
126,2,2,1,0,1,0,0.E+000,0.E+000,0.E+000,1.,1.,1.,1.,1.,1.,3.51,  0002205P0002032
1.081583333,3.898666667,3.51,1.1125,3.9605,3.51,1.1125,          0002205P0002033
4.032833333,0.E+000,1.,1.,0.E+000,0.E+000;                       0002205P0002034
126,2,2,1,0,1,0,0.E+000,0.E+000,0.E+000,1.,1.,1.,1.,1.,1.,3.51,  0002207P0002035
1.1125,4.032833333,3.51,1.1125,4.129083333,3.51,1.06875,         0002207P0002036
4.197333333,0.E+000,1.,1.,0.E+000,0.E+000;                       0002207P0002037
126,2,2,1,0,1,0,0.E+000,0.E+000,0.E+000,1.,1.,1.,1.,1.,1.,3.51,  0002209P0002038
1.06875,4.197333333,3.51,1.025,4.265,3.51,0.936333333,4.3035,    0002209P0002039
0.E+000,1.,1.,0.E+000,0.E+000;                                   0002209P0002040
126,2,2,1,0,1,0,0.E+000,0.E+000,0.E+000,1.,1.,1.,1.,1.,1.,3.51,  0002211P0002041
0.936333333,4.3035,3.51,0.994083333,4.323916667,3.51,            0002211P0002042
1.036083333,4.354833333,0.E+000,1.,1.,0.E+000,0.E+000;           0002211P0002043
126,2,2,1,0,1,0,0.E+000,0.E+000,0.E+000,1.,1.,1.,1.,1.,1.,3.51,  0002213P0002044
1.036083333,4.354833333,3.51,1.0775,4.385166667,3.51,            0002213P0002045
1.104333333,4.424833333,0.E+000,1.,1.,0.E+000,0.E+000;           0002213P0002046
126,2,2,1,0,1,0,0.E+000,0.E+000,0.E+000,1.,1.,1.,1.,1.,1.,3.51,  0002215P0002047
1.104333333,4.424833333,3.51,1.130583333,4.463916667,3.51,       0002215P0002048
1.143416667,4.511166667,0.E+000,1.,1.,0.E+000,0.E+000;           0002215P0002049
126,2,2,1,0,1,0,0.E+000,0.E+000,0.E+000,1.,1.,1.,1.,1.,1.,3.51,  0002217P0002050
1.143416667,4.511166667,3.51,1.155666667,4.558416667,3.51,       0002217P0002051
1.155666667,4.6115,0.E+000,1.,1.,0.E+000,0.E+000;                0002217P0002052
126,2,2,1,0,1,0,0.E+000,0.E+000,0.E+000,1.,1.,1.,1.,1.,1.,3.51,  0002219P0002053
1.155666667,4.6115,3.51,1.155666667,4.699583333,3.51,            0002219P0002054
1.122416667,4.771333333,0.E+000,1.,1.,0.E+000,0.E+000;           0002219P0002055
126,2,2,1,0,1,0,0.E+000,0.E+000,0.E+000,1.,1.,1.,1.,1.,1.,3.51,  0002221P0002056
1.122416667,4.771333333,3.51,1.088583333,4.843083333,3.51,       0002221P0002057
1.027333333,4.893833333,0.E+000,1.,1.,0.E+000,0.E+000;           0002221P0002058
126,2,2,1,0,1,0,0.E+000,0.E+000,0.E+000,1.,1.,1.,1.,1.,1.,3.51,  0002223P0002059
1.027333333,4.893833333,3.51,0.9655,4.944583333,3.51,0.87975,    0002223P0002060
4.972583333,0.E+000,1.,1.,0.E+000,0.E+000;                       0002223P0002061
126,2,2,1,0,1,0,0.E+000,0.E+000,0.E+000,1.,1.,1.,1.,1.,1.,3.51,  0002225P0002062
0.87975,4.972583333,3.51,0.793416667,5.,3.51,0.689583333,5.,     0002225P0002063
0.E+000,1.,1.,0.E+000,1.559979075E-013;                          0002225P0002064
126,2,2,1,0,1,0,0.E+000,0.E+000,0.E+000,1.,1.,1.,1.,1.,1.,3.51,  0002227P0002065
0.689583333,5.,3.51,0.58575,5.,3.51,0.5,4.973166667,0.E+000,1.,  0002227P0002066
1.,0.E+000,0.E+000;                                              0002227P0002067
126,2,2,1,0,1,0,0.E+000,0.E+000,0.E+000,1.,1.,1.,1.,1.,1.,3.51,  0002229P0002068
0.5,4.973166667,3.51,0.413666667,4.94575,3.51,0.352416667,       0002229P0002069
4.896166667,0.E+000,1.,1.,0.E+000,0.E+000;                       0002229P0002070
126,2,2,1,0,1,0,0.E+000,0.E+000,0.E+000,1.,1.,1.,1.,1.,1.,3.51,  0002231P0002071
0.352416667,4.896166667,3.51,0.291166667,4.846583333,3.51,       0002231P0002072
0.257333333,4.776583333,0.E+000,1.,1.,0.E+000,0.E+000;           0002231P0002073
126,2,2,1,0,1,0,0.E+000,0.E+000,0.E+000,1.,1.,1.,1.,1.,1.,3.51,  0002233P0002074
0.257333333,4.776583333,3.51,0.2235,4.706,3.51,0.2235,4.62025,   0002233P0002075
0.E+000,1.,1.,0.E+000,0.E+000;                                   0002233P0002076
126,2,2,1,0,1,0,0.E+000,0.E+000,0.E+000,1.,1.,1.,1.,1.,1.,3.51,  0002235P0002077
0.2235,4.62025,3.51,0.2235,4.568333333,3.51,0.236333333,4.52225, 0002235P0002078
0.E+000,1.,1.,0.E+000,0.E+000;                                   0002235P0002079
126,2,2,1,0,1,0,0.E+000,0.E+000,0.E+000,1.,1.,1.,1.,1.,1.,3.51,  0002237P0002080
0.236333333,4.52225,3.51,0.248583333,4.476166667,3.51,           0002237P0002081
0.275416667,4.437666667,0.E+000,1.,1.,0.E+000,0.E+000;           0002237P0002082
126,2,2,1,0,1,0,0.E+000,0.E+000,0.E+000,1.,1.,1.,1.,1.,1.,3.51,  0002239P0002083
0.275416667,4.437666667,3.51,0.301666667,4.399166667,3.51,       0002239P0002084
0.343666667,4.369416667,0.E+000,1.,1.,0.E+000,0.E+000;           0002239P0002085
126,2,2,1,0,1,0,0.E+000,0.E+000,0.E+000,1.,1.,1.,1.,1.,1.,3.51,  0002241P0002086
0.343666667,4.369416667,3.51,0.385083333,4.339083333,3.51,       0002241P0002087
0.443416667,4.31925,0.E+000,1.,1.,0.E+000,0.E+000;               0002241P0002088
142,0,2181,0,2245,2;                                             0002243P0002089
102,16,2247,2249,2251,2253,2255,2257,2259,2261,2263,2265,2267,   0002245P0002090
2269,2271,2273,2275,2277;                                        0002245P0002091
126,2,2,1,0,1,0,0.E+000,0.E+000,0.E+000,1.,1.,1.,1.,1.,1.,3.51,  0002247P0002092
0.689583333,4.813333333,3.51,0.737416667,4.813333333,3.51,       0002247P0002093
0.77125,4.797583333,0.E+000,1.,-1.,0.E+000,0.E+000;              0002247P0002094
126,2,2,1,0,1,0,0.E+000,0.E+000,0.E+000,1.,1.,1.,1.,1.,1.,3.51,  0002249P0002095
0.77125,4.797583333,3.51,0.8045,4.781833333,3.51,0.826666667,    0002249P0002096
4.755,0.E+000,1.,1.,-0.E+000,8.177183548E-013;                   0002249P0002097
126,2,2,1,0,1,0,0.E+000,0.E+000,0.E+000,1.,1.,1.,1.,1.,1.,3.51,  0002251P0002098
0.826666667,4.755,3.51,0.84825,4.727583333,3.51,0.85875,         0002251P0002099
4.690833333,0.E+000,1.,-1.,0.E+000,0.E+000;                      0002251P0002100
126,2,2,1,0,1,0,0.E+000,0.E+000,0.E+000,1.,1.,1.,1.,1.,1.,3.51,  0002253P0002101
0.85875,4.690833333,3.51,0.868666667,4.6535,3.51,0.868666667,    0002253P0002102
4.610916667,0.E+000,1.,-1.,0.E+000,0.E+000;                      0002253P0002103
126,2,2,1,0,1,0,0.E+000,0.E+000,0.E+000,1.,1.,1.,1.,1.,1.,3.51,  0002255P0002104
0.868666667,4.610916667,3.51,0.868666667,4.564833333,3.51,       0002255P0002105
0.859916667,4.526333333,0.E+000,1.,-1.,0.E+000,0.E+000;          0002255P0002106
126,2,2,1,0,1,0,0.E+000,0.E+000,0.E+000,1.,1.,1.,1.,1.,1.,3.51,  0002257P0002107
0.859916667,4.526333333,3.51,0.851166667,4.487833333,3.51,       0002257P0002108
0.83075,4.460416667,0.E+000,1.,-1.,0.E+000,0.E+000;              0002257P0002109
126,2,2,1,0,1,0,0.E+000,0.E+000,0.E+000,1.,1.,1.,1.,1.,1.,3.51,  0002259P0002110
0.83075,4.460416667,3.51,0.80975,4.433,3.51,0.775333333,         0002259P0002111
4.417833333,0.E+000,1.,-1.,0.E+000,0.E+000;                      0002259P0002112
126,2,2,1,0,1,0,0.E+000,0.E+000,0.E+000,1.,1.,1.,1.,1.,1.,3.51,  0002261P0002113
0.775333333,4.417833333,3.51,0.740916667,4.402666667,3.51,       0002261P0002114
0.689583333,4.402666667,0.E+000,1.,-1.,0.E+000,0.E+000;          0002261P0002115
126,2,2,1,0,1,0,0.E+000,0.E+000,0.E+000,1.,1.,1.,1.,1.,1.,3.51,  0002263P0002116
0.689583333,4.402666667,3.51,0.638833333,4.402666667,3.51,       0002263P0002117
0.604416667,4.417833333,0.E+000,1.,-1.,0.E+000,0.E+000;          0002263P0002118
126,2,2,1,0,1,0,0.E+000,0.E+000,0.E+000,1.,1.,1.,1.,1.,1.,3.51,  0002265P0002119
0.604416667,4.417833333,3.51,0.569416667,4.433,3.51,0.549,       0002265P0002120
4.460416667,0.E+000,1.,-1.,0.E+000,0.E+000;                      0002265P0002121
126,2,2,1,0,1,0,0.E+000,0.E+000,0.E+000,1.,1.,1.,1.,1.,1.,3.51,  0002267P0002122
0.549,4.460416667,3.51,0.528583333,4.487833333,3.51,0.519833333, 0002267P0002123
4.526333333,0.E+000,1.,-1.,0.E+000,0.E+000;                      0002267P0002124
126,2,2,1,0,1,0,0.E+000,0.E+000,0.E+000,1.,1.,1.,1.,1.,1.,3.51,  0002269P0002125
0.519833333,4.526333333,3.51,0.5105,4.564833333,3.51,0.5105,     0002269P0002126
4.610916667,0.E+000,1.,-1.,0.E+000,0.E+000;                      0002269P0002127
126,2,2,1,0,1,0,0.E+000,0.E+000,0.E+000,1.,1.,1.,1.,1.,1.,3.51,  0002271P0002128
0.5105,4.610916667,3.51,0.5105,4.6535,3.51,0.521,4.690833333,    0002271P0002129
0.E+000,1.,-1.,0.E+000,0.E+000;                                  0002271P0002130
126,2,2,1,0,1,0,0.E+000,0.E+000,0.E+000,1.,1.,1.,1.,1.,1.,3.51,  0002273P0002131
0.521,4.690833333,3.51,0.530916667,4.727583333,3.51,0.553083333, 0002273P0002132
4.755,0.E+000,1.,-1.,0.E+000,0.E+000;                            0002273P0002133
126,2,2,1,0,1,0,0.E+000,0.E+000,0.E+000,1.,1.,1.,1.,1.,1.,3.51,  0002275P0002134
0.553083333,4.755,3.51,0.57525,4.781833333,3.51,0.609083333,     0002275P0002135
4.797583333,0.E+000,1.,-1.,0.E+000,0.E+000;                      0002275P0002136
126,2,2,1,0,1,0,0.E+000,0.E+000,0.E+000,1.,1.,1.,1.,1.,1.,3.51,  0002277P0002137
0.609083333,4.797583333,3.51,0.642916667,4.813333333,3.51,       0002277P0002138
0.689583333,4.813333333,0.E+000,1.,-1.,0.E+000,0.E+000;          0002277P0002139
142,0,2181,0,2281,2;                                             0002279P0002140
102,16,2283,2285,2287,2289,2291,2293,2295,2297,2299,2301,2303,   0002281P0002141
2305,2307,2309,2311,2313;                                        0002281P0002142
126,2,2,1,0,1,0,0.E+000,0.E+000,0.E+000,1.,1.,1.,1.,1.,1.,3.51,  0002283P0002143
0.689583333,3.88,3.51,0.648166667,3.88,3.51,0.619583333,         0002283P0002144
3.893416667,0.E+000,1.,-1.,0.E+000,0.E+000;                      0002283P0002145
126,2,2,1,0,1,0,0.E+000,0.E+000,0.E+000,1.,1.,1.,1.,1.,1.,3.51,  0002285P0002146
0.619583333,3.893416667,3.51,0.590416667,3.906833333,3.51,       0002285P0002147
0.572333333,3.929,0.E+000,1.,-1.,0.E+000,0.E+000;                0002285P0002148
126,2,2,1,0,1,0,0.E+000,0.E+000,0.E+000,1.,1.,1.,1.,1.,1.,3.51,  0002287P0002149
0.572333333,3.929,3.51,0.553666667,3.950583333,3.51,0.5455,      0002287P0002150
3.979166667,0.E+000,1.,-1.,0.E+000,0.E+000;                      0002287P0002151
126,2,2,1,0,1,0,0.E+000,0.E+000,0.E+000,1.,1.,1.,1.,1.,1.,3.51,  0002289P0002152
0.5455,3.979166667,3.51,0.537333333,4.007166667,3.51,            0002289P0002153
0.537333333,4.0375,0.E+000,1.,-1.,0.E+000,0.E+000;               0002289P0002154
126,2,2,1,0,1,0,0.E+000,0.E+000,0.E+000,1.,1.,1.,1.,1.,1.,3.51,  0002291P0002155
0.537333333,4.0375,3.51,0.537333333,4.071333333,3.51,0.54375,    0002291P0002156
4.103416667,0.E+000,1.,-1.,0.E+000,0.E+000;                      0002291P0002157
126,2,2,1,0,1,0,0.E+000,0.E+000,0.E+000,1.,1.,1.,1.,1.,1.,3.51,  0002293P0002158
0.54375,4.103416667,3.51,0.550166667,4.1355,3.51,0.567083333,    0002293P0002159
4.160583333,0.E+000,1.,-1.,0.E+000,0.E+000;                      0002293P0002160
126,2,2,1,0,1,0,0.E+000,0.E+000,0.E+000,1.,1.,1.,1.,1.,1.,3.51,  0002295P0002161
0.567083333,4.160583333,3.51,0.584,4.185666667,3.51,0.61375,     0002295P0002162
4.200833333,0.E+000,1.,-1.,0.E+000,0.E+000;                      0002295P0002163
126,2,2,1,0,1,0,0.E+000,0.E+000,0.E+000,1.,1.,1.,1.,1.,1.,3.51,  0002297P0002164
0.61375,4.200833333,3.51,0.642916667,4.216,3.51,0.689583333,     0002297P0002165
4.216,0.E+000,1.,-1.,0.E+000,0.E+000;                            0002297P0002166
126,2,2,1,0,1,0,0.E+000,0.E+000,0.E+000,1.,1.,1.,1.,1.,1.,3.51,  0002299P0002167
0.689583333,4.216,3.51,0.73625,4.216,3.51,0.766,4.200833333,     0002299P0002168
0.E+000,1.,-1.,0.E+000,0.E+000;                                  0002299P0002169
126,2,2,1,0,1,0,0.E+000,0.E+000,0.E+000,1.,1.,1.,1.,1.,1.,3.51,  0002301P0002170
0.766,4.200833333,3.51,0.795166667,4.185666667,3.51,0.812666667, 0002301P0002171
4.160583333,0.E+000,1.,-1.,0.E+000,0.E+000;                      0002301P0002172
126,2,2,1,0,1,0,0.E+000,0.E+000,0.E+000,1.,1.,1.,1.,1.,1.,3.51,  0002303P0002173
0.812666667,4.160583333,3.51,0.829583333,4.1355,3.51,0.836,      0002303P0002174
4.103416667,0.E+000,1.,-1.,0.E+000,0.E+000;                      0002303P0002175
126,2,2,1,0,1,0,0.E+000,0.E+000,0.E+000,1.,1.,1.,1.,1.,1.,3.51,  0002305P0002176
0.836,4.103416667,3.51,0.841833333,4.071333333,3.51,0.841833333, 0002305P0002177
4.0375,0.E+000,1.,-1.,0.E+000,0.E+000;                           0002305P0002178
126,2,2,1,0,1,0,0.E+000,0.E+000,0.E+000,1.,1.,1.,1.,1.,1.,3.51,  0002307P0002179
0.841833333,4.0375,3.51,0.841833333,4.007166667,3.51,0.83425,    0002307P0002180
3.979166667,0.E+000,1.,-1.,0.E+000,0.E+000;                      0002307P0002181
126,2,2,1,0,1,0,0.E+000,0.E+000,0.E+000,1.,1.,1.,1.,1.,1.,3.51,  0002309P0002182
0.83425,3.979166667,3.51,0.826083333,3.950583333,3.51,0.808,     0002309P0002183
3.929,0.E+000,1.,-1.,0.E+000,0.E+000;                            0002309P0002184
126,2,2,1,0,1,0,0.E+000,0.E+000,0.E+000,1.,1.,1.,1.,1.,1.,3.51,  0002311P0002185
0.808,3.929,3.51,0.789333333,3.906833333,3.51,0.76075,           0002311P0002186
3.893416667,0.E+000,1.,-1.,0.E+000,0.E+000;                      0002311P0002187
126,2,2,1,0,1,0,0.E+000,0.E+000,0.E+000,1.,1.,1.,1.,1.,1.,3.51,  0002313P0002188
0.76075,3.893416667,3.51,0.731583333,3.88,3.51,0.689583333,3.88, 0002313P0002189
0.E+000,1.,-1.,0.E+000,0.E+000;                                  0002313P0002190
S      1G      4D   2314P   2190                                        T0000001
